date,temp_bad1_start_idx,temp_bad1_end_idx,temp_bad2_start_idx,temp_bad2_end_idx,rh_bad1_start_idx,rh_bad1_end_idx,rh_bad2_start_idx,rh_bad2_end_idx,rh_bad3_start_idx,rh_bad3_end_idx
2021-01-01,,,,,,,,,,
2021-01-02,,,,,,,,,,
2021-01-03,,,,,,,,,,
2021-01-04,,,,,,,,,,
2021-01-05,,,,,,,,,,
2021-01-06,,,,,,,,,,
2021-01-07,,,,,,,,,,
2021-01-08,3575,8639,,,,,,,,
2021-01-09,0,8639,,,,,,,,
2021-01-10,0,8639,,,,,,,,
2021-01-11,0,4318,,,,,,,,
2021-01-12,,,,,,,,,,
2021-01-13,,,,,,,,,,
2021-01-14,,,,,,,,,,
2021-01-15,,,,,,,,,,
2021-01-16,,,,,,,,,,
2021-01-17,,,,,,,,,,
2021-01-18,,,,,,,,,,
2021-01-19,,,,,,,,,,
2021-01-20,,,,,,,,,,
2021-01-21,,,,,,,,,,
2021-01-22,,,,,,,,,,
2021-01-23,,,,,,,,,,
2021-01-24,,,,,,,,,,
2021-01-25,,,,,,,,,,
2021-01-26,,,,,,,,,,
2021-01-27,,,,,,,,,,
2021-01-28,,,,,,,,,,
2021-01-29,,,,,,,,,,
2021-01-30,,,,,,,,,,
2021-01-31,,,,,,,,,,
2021-02-01,,,,,,,,,,
2021-02-02,,,,,,,,,,
2021-02-03,,,,,,,,,,
