date,purge1_start,purge1_end,recovery1_start,recovery1_end,purge2_start,purge2_end,recovery2_start,recovery2_end
2015-04-15,2015-04-15 11:10:30,2015-04-15 11:18:10,2015-04-15 11:18:20,2015-04-15 11:24:10,2015-04-15 23:10:30,2015-04-15 23:18:20,2015-04-15 23:18:30,2015-04-15 23:24:20
2015-04-16,2015-04-16 11:10:20,2015-04-16 11:18:20,2015-04-16 11:18:30,2015-04-16 11:24:20,2015-04-16 23:10:30,2015-04-16 23:18:20,2015-04-16 23:18:30,2015-04-16 23:24:20
2015-04-17,2015-04-17 11:10:00,2015-04-17 11:18:20,2015-04-17 11:18:30,2015-04-17 11:24:20,2015-04-17 23:10:40,2015-04-17 23:18:20,2015-04-17 23:18:30,2015-04-17 23:24:20
2015-04-18,2015-04-18 11:10:00,2015-04-18 11:18:20,2015-04-18 11:18:30,2015-04-18 11:24:20,2015-04-18 23:10:30,2015-04-18 23:18:20,2015-04-18 23:18:30,2015-04-18 23:24:20
2015-04-19,2015-04-19 11:10:30,2015-04-19 11:18:20,2015-04-19 11:18:30,2015-04-19 11:24:20,2015-04-19 23:10:30,2015-04-19 23:18:20,2015-04-19 23:18:30,2015-04-19 23:24:20
2015-04-20,2015-04-20 11:10:30,2015-04-20 11:18:20,2015-04-20 11:18:30,2015-04-20 11:24:20,2015-04-20 23:10:30,2015-04-20 23:18:10,2015-04-20 23:18:20,2015-04-20 23:24:10
2015-04-21,2015-04-21 11:10:40,2015-04-21 11:18:20,2015-04-21 11:18:30,2015-04-21 11:24:20,2015-04-21 23:10:40,2015-04-21 23:18:20,2015-04-21 23:18:30,2015-04-21 23:24:20
2015-04-22,2015-04-22 11:10:40,2015-04-22 11:18:20,2015-04-22 11:18:30,2015-04-22 11:24:20,2015-04-22 23:10:30,2015-04-22 23:18:20,2015-04-22 23:18:30,2015-04-22 23:24:20
2015-04-23,2015-04-23 11:10:40,2015-04-23 11:18:20,2015-04-23 11:18:30,2015-04-23 11:24:20,2015-04-23 23:10:40,2015-04-23 23:18:20,2015-04-23 23:18:30,2015-04-23 23:24:20
2015-04-24,2015-04-24 11:10:40,2015-04-24 11:18:20,2015-04-24 11:18:30,2015-04-24 11:24:20,2015-04-24 23:10:40,2015-04-24 23:18:20,2015-04-24 23:18:30,2015-04-24 23:24:20
2015-04-25,2015-04-25 11:10:30,2015-04-25 11:18:20,2015-04-25 11:18:30,2015-04-25 11:24:20,2015-04-25 23:10:10,2015-04-25 23:18:10,2015-04-25 23:18:20,2015-04-25 23:24:10
2015-04-26,2015-04-26 11:10:30,2015-04-26 11:18:10,2015-04-26 11:18:20,2015-04-26 11:24:10,2015-04-26 23:10:30,2015-04-26 23:18:10,2015-04-26 23:18:20,2015-04-26 23:24:10
2015-04-27,2015-04-27 11:10:30,2015-04-27 11:18:20,2015-04-27 11:18:30,2015-04-27 11:24:20,2015-04-27 23:10:30,2015-04-27 23:18:20,2015-04-27 23:18:30,2015-04-27 23:24:20
2015-04-28,2015-04-28 11:10:30,2015-04-28 11:18:30,2015-04-28 11:18:40,2015-04-28 11:24:30,2015-04-28 23:10:30,2015-04-28 23:18:30,2015-04-28 23:18:40,2015-04-28 23:24:30
2015-04-29,2015-04-29 11:10:30,2015-04-29 11:18:20,2015-04-29 11:18:30,2015-04-29 11:24:20,2015-04-29 23:10:30,2015-04-29 23:18:20,2015-04-29 23:18:30,2015-04-29 23:24:20
2015-04-30,2015-04-30 11:10:30,2015-04-30 11:18:20,2015-04-30 11:18:30,2015-04-30 11:24:20,2015-04-30 23:10:30,2015-04-30 23:18:20,2015-04-30 23:18:30,2015-04-30 23:24:20
2015-05-01,2015-05-01 11:10:40,2015-05-01 11:18:20,2015-05-01 11:18:30,2015-05-01 11:24:20,2015-05-01 23:10:30,2015-05-01 23:18:20,2015-05-01 23:18:30,2015-05-01 23:24:20
2015-05-02,2015-05-02 11:10:40,2015-05-02 11:18:10,2015-05-02 11:18:20,2015-05-02 11:24:10,2015-05-02 23:10:30,2015-05-02 23:18:10,2015-05-02 23:18:20,2015-05-02 23:24:10
2015-05-03,2015-05-03 11:10:30,2015-05-03 11:18:10,2015-05-03 11:18:20,2015-05-03 11:24:10,2015-05-03 23:10:10,2015-05-03 23:18:10,2015-05-03 23:18:20,2015-05-03 23:24:10
2015-05-04,2015-05-04 11:10:30,2015-05-04 11:18:10,2015-05-04 11:18:20,2015-05-04 11:24:10,2015-05-04 23:10:00,2015-05-04 23:18:10,2015-05-04 23:18:20,2015-05-04 23:24:10
2015-05-05,2015-05-05 11:10:30,2015-05-05 11:18:00,2015-05-05 11:18:10,2015-05-05 11:24:00,2015-05-05 23:10:00,2015-05-05 23:18:00,2015-05-05 23:18:10,2015-05-05 23:24:00
2015-05-06,2015-05-06 11:10:20,2015-05-06 11:18:00,2015-05-06 11:18:10,2015-05-06 11:24:00,2015-05-06 23:10:20,2015-05-06 23:18:00,2015-05-06 23:18:10,2015-05-06 23:24:00
2015-05-07,2015-05-07 11:10:20,2015-05-07 11:18:00,2015-05-07 11:18:10,2015-05-07 11:24:00,2015-05-07 23:10:10,2015-05-07 23:18:00,2015-05-07 23:18:10,2015-05-07 23:24:00
2015-05-08,2015-05-08 11:10:20,2015-05-08 11:18:00,2015-05-08 11:18:10,2015-05-08 11:24:00,2015-05-08 23:10:20,2015-05-08 23:18:00,2015-05-08 23:18:10,2015-05-08 23:24:00
2015-05-09,2015-05-09 11:10:10,2015-05-09 11:18:00,2015-05-09 11:18:10,2015-05-09 11:24:00,2015-05-09 23:10:10,2015-05-09 23:17:50,2015-05-09 23:18:00,2015-05-09 23:23:50
2015-05-10,2015-05-10 11:10:10,2015-05-10 11:17:50,2015-05-10 11:18:00,2015-05-10 11:23:50,2015-05-10 23:09:50,2015-05-10 23:17:50,2015-05-10 23:18:00,2015-05-10 23:23:50
2015-05-11,2015-05-11 11:10:10,2015-05-11 11:17:50,2015-05-11 11:18:00,2015-05-11 11:23:50,2015-05-11 23:10:00,2015-05-11 23:17:40,2015-05-11 23:17:50,2015-05-11 23:23:40
2015-05-12,2015-05-12 11:10:00,2015-05-12 11:17:50,2015-05-12 11:18:00,2015-05-12 11:23:50,2015-05-12 23:09:50,2015-05-12 23:17:40,2015-05-12 23:17:50,2015-05-12 23:23:40
2015-05-13,2015-05-13 11:09:50,2015-05-13 11:17:50,2015-05-13 11:18:00,2015-05-13 11:23:50,2015-05-13 23:09:50,2015-05-13 23:17:40,2015-05-13 11:25:40,2015-05-13 11:26:10
2015-05-14,2015-05-14 11:09:50,2015-05-14 11:17:40,2015-05-14 11:17:50,2015-05-14 11:23:40,2015-05-14 23:09:50,2015-05-14 23:17:40,2015-05-14 23:17:50,2015-05-14 23:23:40
2015-05-15,2015-05-15 11:09:50,2015-05-15 11:17:40,2015-05-15 11:17:50,2015-05-15 11:23:40,2015-05-15 23:09:50,2015-05-15 23:17:40,2015-05-15 23:17:50,2015-05-15 23:23:40
2015-05-16,2015-05-16 11:09:50,2015-05-16 11:17:40,2015-05-16 11:17:50,2015-05-16 11:23:40,2015-05-16 23:09:50,2015-05-16 23:17:30,2015-05-16 23:17:40,2015-05-16 23:23:30
2015-05-17,2015-05-17 11:09:50,2015-05-17 11:17:30,2015-05-17 11:17:40,2015-05-17 11:23:30,2015-05-17 23:09:50,2015-05-17 23:17:30,2015-05-17 23:17:40,2015-05-17 23:23:30
2015-05-18,2015-05-18 11:09:40,2015-05-18 11:17:30,2015-05-18 11:17:40,2015-05-18 11:23:30,2015-05-18 23:09:50,2015-05-18 23:17:30,2015-05-18 23:17:40,2015-05-18 23:23:30
2015-05-19,2015-05-19 11:09:50,2015-05-19 11:17:30,2015-05-19 11:17:40,2015-05-19 11:23:30,2015-05-19 23:09:50,2015-05-19 23:17:30,2015-05-19 23:17:40,2015-05-19 23:23:30
2015-05-20,2015-05-20 11:09:50,2015-05-20 11:17:30,2015-05-20 11:17:40,2015-05-20 11:23:30,2015-05-20 23:09:50,2015-05-20 23:17:30,2015-05-20 23:17:40,2015-05-20 23:23:30
2015-05-21,2015-05-21 11:09:50,2015-05-21 11:17:30,2015-05-21 11:17:40,2015-05-21 11:23:30,2015-05-21 23:09:40,2015-05-21 23:17:30,2015-05-21 23:17:40,2015-05-21 23:23:30
2015-05-22,2015-05-22 11:09:40,2015-05-22 11:17:20,2015-05-22 11:17:30,2015-05-22 11:23:20,2015-05-22 23:09:40,2015-05-22 23:17:20,2015-05-22 23:17:30,2015-05-22 23:23:20
2015-05-23,2015-05-23 11:09:40,2015-05-23 11:17:20,2015-05-23 11:17:30,2015-05-23 11:23:20,2015-05-23 23:09:30,2015-05-23 23:17:20,2015-05-23 23:17:30,2015-05-23 23:23:20
2015-05-24,2015-05-24 11:09:40,2015-05-24 11:17:20,2015-05-24 11:17:30,2015-05-24 11:23:20,2015-05-24 23:09:20,2015-05-24 23:17:10,2015-05-24 23:17:20,2015-05-24 23:23:10
2015-05-25,2015-05-25 11:09:30,2015-05-25 11:17:10,2015-05-25 11:17:20,2015-05-25 11:23:10,2015-05-25 23:09:20,2015-05-25 23:17:00,2015-05-25 23:17:10,2015-05-25 23:23:00
2015-05-26,2015-05-26 11:09:30,2015-05-26 11:17:10,2015-05-26 11:17:20,2015-05-26 11:23:10,2015-05-26 23:09:20,2015-05-26 23:17:10,2015-05-26 23:17:20,2015-05-26 23:23:10
2015-05-27,2015-05-27 11:09:30,2015-05-27 11:17:10,2015-05-27 11:17:20,2015-05-27 11:23:40,2015-05-27 23:09:20,2015-05-27 23:17:00,2015-05-27 23:17:10,2015-05-27 23:23:00
2015-05-28,2015-05-28 11:09:20,2015-05-28 11:17:00,2015-05-28 11:17:10,2015-05-28 11:23:00,2015-05-28 23:09:10,2015-05-28 23:17:00,2015-05-28 23:17:10,2015-05-28 23:23:00
2015-05-29,2015-05-29 11:09:20,2015-05-29 11:17:00,2015-05-29 11:17:10,2015-05-29 11:23:00,2015-05-29 23:09:20,2015-05-29 23:17:00,2015-05-29 23:17:10,2015-05-29 23:23:00
2015-05-30,2015-05-30 11:09:20,2015-05-30 11:17:00,2015-05-30 11:17:10,2015-05-30 11:23:00,2015-05-30 23:09:10,2015-05-30 23:17:00,2015-05-30 23:17:10,2015-05-30 23:23:00
2015-05-31,2015-05-31 11:09:10,2015-05-31 11:16:50,2015-05-31 11:17:00,2015-05-31 11:22:50,2015-05-31 23:09:10,2015-05-31 23:16:50,2015-05-31 23:17:00,2015-05-31 23:22:50
2015-06-01,2015-06-01 11:09:10,2015-06-01 11:16:50,2015-06-01 11:17:00,2015-06-01 11:22:50,2015-06-01 23:09:00,2015-06-01 23:16:50,2015-06-01 23:17:00,2015-06-01 23:22:50
2015-06-02,2015-06-02 11:09:10,2015-06-02 11:16:50,2015-06-02 11:17:00,2015-06-02 11:22:50,2015-06-02 23:09:00,2015-06-02 23:16:50,2015-06-02 23:17:00,2015-06-02 23:22:50
2015-06-03,2015-06-03 11:08:50,2015-06-03 11:16:40,2015-06-03 11:16:50,2015-06-03 11:22:40,2015-06-03 23:08:50,2015-06-03 23:16:30,2015-06-03 23:16:40,2015-06-03 23:22:30
2015-06-04,2015-06-04 11:09:00,2015-06-04 11:16:40,2015-06-04 11:16:50,2015-06-04 11:22:40,2015-06-04 23:09:00,2015-06-04 23:16:40,2015-06-04 23:16:50,2015-06-04 23:22:40
2015-06-05,2015-06-05 11:08:50,2015-06-05 11:16:30,2015-06-05 11:16:40,2015-06-05 11:22:30,2015-06-05 23:08:50,2015-06-05 23:16:30,2015-06-05 23:16:40,2015-06-05 23:22:30
2015-06-06,2015-06-06 11:08:50,2015-06-06 11:16:30,2015-06-06 11:16:40,2015-06-06 11:22:30,2015-06-06 23:08:40,2015-06-06 23:16:30,2015-06-06 23:16:40,2015-06-06 23:22:30
2015-06-07,2015-06-07 11:08:40,2015-06-07 11:16:30,2015-06-07 11:16:40,2015-06-07 11:22:30,2015-06-07 23:08:30,2015-06-07 23:16:20,2015-06-07 23:16:30,2015-06-07 23:22:20
2015-06-08,2015-06-08 11:08:40,2015-06-08 11:16:20,2015-06-08 11:16:30,2015-06-08 11:22:20,2015-06-08 23:08:30,2015-06-08 23:16:20,2015-06-08 23:16:30,2015-06-08 23:22:20
2015-06-09,2015-06-09 11:08:40,2015-06-09 11:16:20,2015-06-09 11:16:30,2015-06-09 11:22:20,2015-06-09 23:08:30,2015-06-09 23:16:10,2015-06-09 23:16:20,2015-06-09 23:22:10
2015-06-10,2015-06-10 11:08:30,2015-06-10 11:16:10,2015-06-10 11:16:20,2015-06-10 11:22:10,2015-06-10 23:08:30,2015-06-10 23:16:10,2015-06-10 23:16:20,2015-06-10 23:22:10
2015-06-11,2015-06-11 11:08:30,2015-06-11 11:16:10,2015-06-11 11:16:20,2015-06-11 11:22:10,2015-06-11 23:08:10,2015-06-11 23:16:10,2015-06-11 23:16:20,2015-06-11 23:22:10
2015-06-12,2015-06-12 11:08:20,2015-06-12 11:16:00,2015-06-12 11:16:10,2015-06-12 11:22:00,2015-06-12 23:08:10,2015-06-12 23:16:00,2015-06-12 23:16:10,2015-06-12 23:22:00
2015-06-13,2015-06-13 11:08:10,2015-06-13 11:15:50,2015-06-13 11:16:00,2015-06-13 11:21:50,2015-06-13 23:08:00,2015-06-13 23:15:40,2015-06-13 23:15:50,2015-06-13 23:21:40
2015-06-14,2015-06-14 11:08:00,2015-06-14 11:15:50,2015-06-14 11:16:00,2015-06-14 11:21:50,2015-06-14 23:07:50,2015-06-14 23:15:40,2015-06-14 23:15:50,2015-06-14 23:21:40
2015-06-15,2015-06-15 11:07:40,2015-06-15 11:15:30,2015-06-15 11:15:40,2015-06-15 11:21:30,2015-06-15 23:07:30,2015-06-15 23:15:40,2015-06-15 23:15:50,2015-06-15 23:21:40
2015-06-16,2015-06-16 11:07:40,2015-06-16 11:15:20,2015-06-16 11:15:30,2015-06-16 11:21:20,2015-06-16 23:07:30,2015-06-16 23:15:30,2015-06-16 23:15:40,2015-06-16 23:21:30
2015-06-17,2015-06-17 11:07:40,2015-06-17 11:15:10,2015-06-17 11:15:20,2015-06-17 11:21:10,2015-06-17 23:07:30,2015-06-17 23:15:30,2015-06-17 23:15:40,2015-06-17 23:21:30
2015-06-18,2015-06-18 11:07:40,2015-06-18 11:15:20,2015-06-18 11:15:30,2015-06-18 11:21:20,2015-06-18 23:07:40,2015-06-18 23:15:20,2015-06-18 23:15:30,2015-06-18 23:21:20
2015-06-19,2015-06-19 11:07:30,2015-06-19 11:15:10,2015-06-19 11:15:20,2015-06-19 11:21:10,2015-06-19 23:07:20,2015-06-19 23:15:10,2015-06-19 23:15:20,2015-06-19 23:21:10
2015-06-20,2015-06-20 11:07:20,2015-06-20 11:15:10,2015-06-20 11:15:20,2015-06-20 11:21:10,2015-06-20 23:07:20,2015-06-20 23:15:10,2015-06-20 23:15:20,2015-06-20 23:21:10
2015-06-21,2015-06-21 11:07:20,2015-06-21 11:15:00,2015-06-21 11:15:10,2015-06-21 11:21:00,2015-06-21 23:06:50,2015-06-21 23:15:00,2015-06-21 23:15:10,2015-06-21 23:21:00
2015-06-22,2015-06-22 11:07:10,2015-06-22 11:14:50,2015-06-22 11:15:00,2015-06-22 11:20:50,2015-06-22 23:07:10,2015-06-22 23:14:50,2015-06-22 23:15:00,2015-06-22 23:20:50
2015-06-23,2015-06-23 11:07:10,2015-06-23 11:14:50,2015-06-23 11:15:00,2015-06-23 11:20:50,2015-06-23 23:07:10,2015-06-23 23:14:40,2015-06-23 23:14:50,2015-06-23 23:20:40
2015-06-24,2015-06-24 11:07:00,2015-06-24 11:14:40,2015-06-24 11:14:50,2015-06-24 11:20:40,2015-06-24 23:07:00,2015-06-24 23:14:40,2015-06-24 23:14:50,2015-06-24 23:20:40
2015-06-25,2015-06-25 11:06:50,2015-06-25 11:14:40,2015-06-25 11:14:50,2015-06-25 11:20:40,2015-06-25 23:06:40,2015-06-25 23:14:30,2015-06-25 23:14:40,2015-06-25 23:20:30
2015-06-26,2015-06-26 11:06:40,2015-06-26 11:14:20,2015-06-26 11:14:30,2015-06-26 11:20:20,2015-06-26 23:06:30,2015-06-26 23:14:20,2015-06-26 23:14:30,2015-06-26 23:20:20
2015-06-27,2015-06-27 11:06:40,2015-06-27 11:14:20,2015-06-27 11:14:30,2015-06-27 11:20:20,2015-06-27 23:06:40,2015-06-27 23:14:20,2015-06-27 23:14:30,2015-06-27 23:20:20
2015-06-28,2015-06-28 11:06:20,2015-06-28 11:14:10,2015-06-28 11:14:20,2015-06-28 11:20:10,2015-06-28 23:06:10,2015-06-28 23:14:00,2015-06-28 23:14:10,2015-06-28 23:20:00
2015-06-29,2015-06-29 11:06:20,2015-06-29 11:14:00,2015-06-29 11:14:10,2015-06-29 11:20:00,2015-06-29 23:06:10,2015-06-29 23:13:50,2015-06-29 23:14:00,2015-06-29 23:19:50
2015-06-30,2015-06-30 11:06:00,2015-06-30 11:13:50,2015-06-30 11:14:00,2015-06-30 11:19:50,2015-06-30 23:06:00,2015-06-30 23:13:40,2015-06-30 23:13:50,2015-06-30 23:19:40
2015-07-01,2015-07-01 11:05:39,2015-07-01 11:13:29,2015-07-01 11:13:39,2015-07-01 11:19:29,2015-07-01 23:05:49,2015-07-01 23:13:29,2015-07-01 23:13:39,2015-07-01 23:19:29
2015-07-02,2015-07-02 11:05:29,2015-07-02 11:13:19,2015-07-02 11:13:29,2015-07-02 11:19:19,2015-07-02 23:05:19,2015-07-02 23:13:19,2015-07-02 23:13:29,2015-07-02 23:19:19
2015-07-03,2015-07-03 11:05:29,2015-07-03 11:13:09,2015-07-03 11:13:19,2015-07-03 11:19:09,2015-07-03 23:04:59,2015-07-03 23:13:19,2015-07-03 23:13:29,2015-07-03 23:19:19
2015-07-04,2015-07-04 11:05:09,2015-07-04 11:12:49,2015-07-04 11:12:59,2015-07-04 11:18:49,2015-07-04 23:04:39,2015-07-04 23:12:39,2015-07-04 23:12:49,2015-07-04 23:18:39
2015-07-05,2015-07-05 11:04:59,2015-07-05 11:12:39,2015-07-05 11:12:49,2015-07-05 11:18:39,2015-07-05 23:04:29,2015-07-05 23:12:39,2015-07-05 23:12:49,2015-07-05 23:18:39
2015-07-06,2015-07-06 11:04:59,2015-07-06 11:12:49,2015-07-06 11:12:59,2015-07-06 11:18:49,2015-07-06 23:04:39,2015-07-06 23:12:59,2015-07-06 23:13:09,2015-07-06 23:18:59
2015-07-07,2015-07-07 11:04:59,2015-07-07 11:12:39,2015-07-07 11:12:49,2015-07-07 11:18:39,2015-07-07 23:04:39,2015-07-07 23:12:49,2015-07-07 23:12:59,2015-07-07 23:18:49
2015-07-08,2015-07-08 11:04:49,2015-07-08 11:12:09,2015-07-08 11:12:39,2015-07-08 11:18:29,2015-07-08 23:04:39,2015-07-08 23:12:59,2015-07-08 23:12:29,2015-07-08 23:18:59
2015-07-09,2015-07-09 11:04:39,2015-07-09 11:12:19,2015-07-09 11:12:29,2015-07-09 11:18:19,2015-07-09 23:04:29,2015-07-09 23:12:49,2015-07-09 23:12:59,2015-07-09 23:18:49
2015-07-10,2015-07-10 11:04:39,2015-07-10 11:12:09,2015-07-10 11:12:19,2015-07-10 11:18:09,2015-07-10 23:04:29,2015-07-10 23:12:39,2015-07-10 23:12:49,2015-07-10 23:18:39
2015-07-11,2015-07-11 11:04:39,2015-07-11 11:11:59,2015-07-11 11:12:09,2015-07-11 11:17:59,2015-07-11 23:03:39,2015-07-11 23:12:29,2015-07-11 23:12:39,2015-07-11 23:18:29
2015-07-12,2015-07-12 11:04:09,2015-07-12 11:11:49,2015-07-12 11:11:59,2015-07-12 11:17:49,2015-07-12 23:03:49,2015-07-12 23:11:49,2015-07-12 23:11:59,2015-07-12 23:17:49
2015-07-13,2015-07-13 11:03:49,2015-07-13 11:11:39,2015-07-13 11:11:49,2015-07-13 11:17:39,2015-07-13 23:03:49,2015-07-13 23:11:39,2015-07-13 23:11:49,2015-07-13 23:17:39
2015-07-14,2015-07-14 11:03:49,2015-07-14 11:11:29,2015-07-14 11:11:39,2015-07-14 11:17:29,2015-07-14 23:03:39,2015-07-14 23:11:29,2015-07-14 23:11:39,2015-07-14 23:17:29
2015-07-15,2015-07-15 11:03:39,2015-07-15 11:11:19,2015-07-15 11:11:29,2015-07-15 11:17:19,2015-07-15 23:03:39,2015-07-15 23:11:19,2015-07-15 23:11:29,2015-07-15 23:17:19
2015-07-16,2015-07-16 11:03:29,2015-07-16 11:11:09,2015-07-16 11:11:19,2015-07-16 11:17:09,2015-07-16 23:03:09,2015-07-16 23:11:19,2015-07-16 23:11:29,2015-07-16 23:17:19
2015-07-17,2015-07-17 11:02:59,2015-07-17 11:10:49,2015-07-17 11:10:59,2015-07-17 11:16:49,2015-07-17 23:03:09,2015-07-17 23:10:49,2015-07-17 23:10:59,2015-07-17 23:16:49
2015-07-18,2015-07-18 11:02:49,2015-07-18 11:10:49,2015-07-18 11:10:59,2015-07-18 11:16:49,2015-07-18 23:02:59,2015-07-18 23:10:39,2015-07-18 23:10:49,2015-07-18 23:16:39
2015-07-19,2015-07-19 11:02:49,2015-07-19 11:10:39,2015-07-19 11:10:49,2015-07-19 11:16:39,2015-07-19 23:02:49,2015-07-19 23:10:29,2015-07-19 23:10:39,2015-07-19 23:16:29
2015-07-20,2015-07-20 11:02:49,2015-07-20 11:10:29,2015-07-20 11:10:39,2015-07-20 11:16:29,2015-07-20 23:02:49,2015-07-20 23:10:19,2015-07-20 23:10:29,2015-07-20 23:16:19
2015-07-21,2015-07-21 11:02:49,2015-07-21 11:10:19,2015-07-21 11:10:29,2015-07-21 11:16:19,2015-07-21 23:02:29,2015-07-21 23:10:09,2015-07-21 23:10:19,2015-07-21 23:16:09
2015-07-22,2015-07-22 11:02:09,2015-07-22 11:10:09,2015-07-22 11:10:19,2015-07-22 11:16:09,2015-07-22 23:02:09,2015-07-22 23:09:59,2015-07-22 23:10:09,2015-07-22 23:15:59
2015-07-23,2015-07-23 11:02:09,2015-07-23 11:09:59,2015-07-23 11:10:09,2015-07-23 11:15:59,2015-07-23 23:02:09,2015-07-23 23:09:59,2015-07-23 23:10:09,2015-07-23 23:15:59
2015-07-24,2015-07-24 11:01:59,2015-07-24 11:09:49,2015-07-24 11:09:59,2015-07-24 11:15:49,2015-07-24 23:02:09,2015-07-24 23:09:49,2015-07-24 23:09:59,2015-07-24 23:15:49
2015-07-25,2015-07-25 11:01:59,2015-07-25 11:09:49,2015-07-25 11:09:59,2015-07-25 11:15:49,2015-07-25 23:01:59,2015-07-25 23:09:49,2015-07-25 23:09:59,2015-07-25 23:15:49
2015-07-26,2015-07-26 11:01:59,2015-07-26 11:09:39,2015-07-26 11:09:49,2015-07-26 11:15:39,2015-07-26 23:01:39,2015-07-26 23:09:39,2015-07-26 23:09:49,2015-07-26 23:15:39
2015-07-27,2015-07-27 11:01:49,2015-07-27 11:09:39,2015-07-27 11:09:49,2015-07-27 11:15:39,2015-07-27 23:01:49,2015-07-27 23:09:39,2015-07-27 23:09:49,2015-07-27 23:15:39
2015-07-28,2015-07-28 11:01:49,2015-07-28 11:09:29,2015-07-28 11:09:39,2015-07-28 11:15:29,2015-07-28 23:01:49,2015-07-28 23:09:29,2015-07-28 23:09:39,2015-07-28 23:15:29
2015-07-29,2015-07-29 11:01:49,2015-07-29 11:09:29,2015-07-29 11:09:39,2015-07-29 11:15:29,2015-07-29 23:01:39,2015-07-29 23:09:29,2015-07-29 23:09:39,2015-07-29 23:15:29
2015-07-30,2015-07-30 11:01:29,2015-07-30 11:09:29,2015-07-30 11:09:39,2015-07-30 11:15:29,2015-07-30 23:01:09,2015-07-30 23:09:19,2015-07-30 23:09:29,2015-07-30 23:15:19
2015-07-31,2015-07-31 11:01:29,2015-07-31 11:09:19,2015-07-31 11:09:29,2015-07-31 11:15:19,2015-07-31 23:01:09,2015-07-31 23:09:09,2015-07-31 23:09:19,2015-07-31 23:15:09
2015-08-01,2015-08-01 11:01:29,2015-08-01 11:09:09,2015-08-01 11:09:19,2015-08-01 11:15:09,2015-08-01 23:01:09,2015-08-01 23:08:59,2015-08-01 23:09:09,2015-08-01 23:14:59
2015-08-02,2015-08-02 11:01:29,2015-08-02 11:08:59,2015-08-02 11:09:09,2015-08-02 11:14:59,2015-08-02 23:01:09,2015-08-02 23:08:49,2015-08-02 23:08:59,2015-08-02 23:14:49
2015-08-03,2015-08-03 11:01:19,2015-08-03 11:08:49,2015-08-03 11:08:59,2015-08-03 11:14:49,2015-08-03 23:01:09,2015-08-03 23:08:39,2015-08-03 23:08:49,2015-08-03 23:14:39
2015-08-04,2015-08-04 11:00:59,2015-08-04 11:08:39,2015-08-04 11:08:49,2015-08-04 11:14:39,2015-08-04 23:00:39,2015-08-04 23:08:39,2015-08-04 23:08:49,2015-08-04 23:14:39
2015-08-05,2015-08-05 11:00:49,2015-08-05 11:08:29,2015-08-05 11:08:39,2015-08-05 11:14:29,2015-08-05 23:00:39,2015-08-05 23:08:29,2015-08-05 23:08:39,2015-08-05 23:14:29
2015-08-06,2015-08-06 10:59:59,2015-08-06 11:08:19,2015-08-06 11:08:29,2015-08-06 11:14:19,2015-08-06 23:00:29,2015-08-06 23:08:19,2015-08-06 23:08:29,2015-08-06 23:14:19
2015-08-07,2015-08-07 10:59:49,2015-08-07 11:08:09,2015-08-07 11:08:19,2015-08-07 11:14:09,2015-08-07 23:00:09,2015-08-07 23:08:09,2015-08-07 23:08:19,2015-08-07 23:14:09
2015-08-08,2015-08-08 10:59:39,2015-08-08 11:07:59,2015-08-08 11:08:09,2015-08-08 11:13:59,2015-08-08 22:59:59,2015-08-08 23:07:59,2015-08-08 23:08:09,2015-08-08 23:13:59
2015-08-09,2015-08-09 10:59:59,2015-08-09 11:07:39,2015-08-09 11:07:49,2015-08-09 11:13:39,2015-08-09 22:59:59,2015-08-09 23:07:39,2015-08-09 23:07:49,2015-08-09 23:13:39
2015-08-10,2015-08-10 10:59:59,2015-08-10 11:07:39,2015-08-10 11:07:49,2015-08-10 11:13:39,2015-08-10 22:59:39,2015-08-10 23:07:29,2015-08-10 23:07:39,2015-08-10 23:13:29
2015-08-11,2015-08-11 10:59:39,2015-08-11 11:07:29,2015-08-11 11:07:39,2015-08-11 11:13:29,2015-08-11 22:59:19,2015-08-11 23:07:29,2015-08-11 23:07:39,2015-08-11 23:13:29
2015-08-12,2015-08-12 10:59:39,2015-08-12 11:07:19,2015-08-12 11:07:29,2015-08-12 11:13:19,2015-08-12 22:59:19,2015-08-12 23:07:19,2015-08-12 23:07:29,2015-08-12 23:13:19
2015-08-13,2015-08-13 10:58:59,2015-08-13 11:06:59,2015-08-13 11:07:09,2015-08-13 11:12:59,2015-08-13 22:58:59,2015-08-13 23:06:59,2015-08-13 23:07:09,2015-08-13 23:12:59
2015-08-14,2015-08-14 10:59:09,2015-08-14 11:06:59,2015-08-14 11:07:09,2015-08-14 11:12:59,2015-08-14 22:59:09,2015-08-14 23:06:49,2015-08-14 23:06:59,2015-08-14 23:12:49
2015-08-15,2015-08-15 10:59:09,2015-08-15 11:06:49,2015-08-15 11:06:59,2015-08-15 11:12:49,2015-08-15 22:59:09,2015-08-15 23:06:39,2015-08-15 23:06:49,2015-08-15 23:12:39
2015-08-16,2015-08-16 10:58:49,2015-08-16 11:06:39,2015-08-16 11:06:49,2015-08-16 11:12:39,2015-08-16 22:58:49,2015-08-16 23:06:39,2015-08-16 23:06:49,2015-08-16 23:12:39
2015-08-17,2015-08-17 10:58:49,2015-08-17 11:06:29,2015-08-17 11:06:39,2015-08-17 11:12:29,2015-08-17 22:58:39,2015-08-17 23:06:29,2015-08-17 23:06:39,2015-08-17 23:12:29
2015-08-18,2015-08-18 10:58:39,2015-08-18 11:06:29,2015-08-18 11:06:39,2015-08-18 11:12:29,2015-08-18 22:58:39,2015-08-18 23:06:19,2015-08-18 23:06:29,2015-08-18 23:12:19
2015-08-19,2015-08-19 10:58:39,2015-08-19 11:06:19,2015-08-19 11:06:29,2015-08-19 11:12:19,2015-08-19 22:58:39,2015-08-19 23:06:09,2015-08-19 23:06:19,2015-08-19 23:12:09
2015-08-20,2015-08-20 10:58:29,2015-08-20 11:06:09,2015-08-20 11:06:19,2015-08-20 11:12:09,2015-08-20 22:58:39,2015-08-20 23:05:59,2015-08-20 23:06:09,2015-08-20 23:11:59
2015-08-21,2015-08-21 10:58:09,2015-08-21 11:05:59,2015-08-21 11:06:09,2015-08-21 11:11:59,2015-08-21 22:58:09,2015-08-21 23:05:49,2015-08-21 23:05:59,2015-08-21 23:11:49
2015-08-22,2015-08-22 10:57:59,2015-08-22 11:05:39,2015-08-22 11:05:49,2015-08-22 11:11:39,2015-08-22 22:57:49,2015-08-22 23:05:49,2015-08-22 23:05:59,2015-08-22 23:11:49
2015-08-23,2015-08-23 10:57:39,2015-08-23 11:05:29,2015-08-23 11:05:39,2015-08-23 11:11:29,2015-08-23 22:57:29,2015-08-23 23:05:29,2015-08-23 23:05:39,2015-08-23 23:11:29
2015-08-24,2015-08-24 10:54:19,2015-08-24 11:06:39,2015-08-24 11:06:49,2015-08-24 11:12:39,2015-08-24 22:57:29,2015-08-24 23:05:19,2015-08-24 23:05:29,2015-08-24 23:11:19
2015-08-25,2015-08-25 10:57:29,2015-08-25 11:05:09,2015-08-25 11:05:19,2015-08-25 11:11:09,2015-08-25 22:57:29,2015-08-25 23:05:09,2015-08-25 23:05:19,2015-08-25 23:11:09
2015-08-26,2015-08-26 10:56:59,2015-08-26 11:05:09,2015-08-26 11:05:19,2015-08-26 11:11:09,2015-08-26 22:57:29,2015-08-26 23:04:59,2015-08-26 23:05:09,2015-08-26 23:10:59
2015-08-27,2015-08-27 10:56:59,2015-08-27 11:04:59,2015-08-27 11:05:09,2015-08-27 11:10:59,2015-08-27 22:57:29,2015-08-27 23:04:49,2015-08-27 23:04:59,2015-08-27 23:10:49
2015-08-28,2015-08-28 10:57:09,2015-08-28 11:04:49,2015-08-28 11:04:59,2015-08-28 11:10:49,2015-08-28 22:56:59,2015-08-28 23:04:49,2015-08-28 23:04:59,2015-08-28 23:10:49
2015-08-29,2015-08-29 10:56:49,2015-08-29 11:04:39,2015-08-29 11:04:49,2015-08-29 11:10:39,2015-08-29 22:56:39,2015-08-29 23:04:39,2015-08-29 23:04:49,2015-08-29 23:10:39
2015-08-30,2015-08-30 10:56:49,2015-08-30 11:04:29,2015-08-30 11:04:39,2015-08-30 11:10:29,2015-08-30 22:56:39,2015-08-30 23:04:29,2015-08-30 23:04:39,2015-08-30 23:10:29
2015-08-31,2015-08-31 10:56:29,2015-08-31 11:04:19,2015-08-31 11:04:29,2015-08-31 11:10:19,2015-08-31 22:56:19,2015-08-31 23:04:19,2015-08-31 23:04:29,2015-08-31 23:10:19
2015-09-01,2015-09-01 10:56:29,2015-09-01 11:04:19,2015-09-01 11:04:29,2015-09-01 11:10:19,2015-09-01 22:56:29,2015-09-01 23:04:09,2015-09-01 23:04:19,2015-09-01 23:10:09
2015-09-02,2015-09-02 10:56:29,2015-09-02 11:04:09,2015-09-02 11:04:19,2015-09-02 11:10:09,2015-09-02 22:56:29,2015-09-02 23:04:09,2015-09-02 23:04:19,2015-09-02 23:10:09
2015-09-03,2015-09-03 10:56:29,2015-09-03 11:03:59,2015-09-03 11:04:09,2015-09-03 11:09:59,2015-09-03 22:56:19,2015-09-03 23:04:09,2015-09-03 23:04:19,2015-09-03 23:10:09
2015-09-04,2015-09-04 10:56:09,2015-09-04 11:03:49,2015-09-04 11:03:59,2015-09-04 11:09:49,2015-09-04 22:56:09,2015-09-04 23:03:59,2015-09-04 23:04:09,2015-09-04 23:09:59
2015-09-05,2015-09-05 10:56:19,2015-09-05 11:03:59,2015-09-05 11:04:09,2015-09-05 11:09:59,2015-09-05 22:56:19,2015-09-05 23:03:59,2015-09-05 23:04:09,2015-09-05 23:09:59
2015-09-06,2015-09-06 10:56:19,2015-09-06 11:03:59,2015-09-06 11:04:09,2015-09-06 11:09:59,2015-09-06 22:55:59,2015-09-06 23:03:59,2015-09-06 23:04:09,2015-09-06 23:09:59
2015-09-07,2015-09-07 10:56:09,2015-09-07 11:03:49,2015-09-07 11:03:59,2015-09-07 11:09:49,2015-09-07 22:56:09,2015-09-07 23:03:49,2015-09-07 23:03:59,2015-09-07 23:09:49
2015-09-08,2015-09-08 10:56:09,2015-09-08 11:03:49,2015-09-08 11:03:59,2015-09-08 11:09:49,2015-09-08 22:55:49,2015-09-08 23:03:39,2015-09-08 23:03:49,2015-09-08 23:09:39
2015-09-09,2015-09-09 10:55:59,2015-09-09 11:03:49,2015-09-09 11:03:59,2015-09-09 11:09:49,2015-09-09 22:55:59,2015-09-09 23:03:39,2015-09-09 23:03:49,2015-09-09 23:09:39
2015-09-10,2015-09-10 10:55:59,2015-09-10 11:03:39,2015-09-10 11:03:49,2015-09-10 11:09:39,2015-09-10 22:55:49,2015-09-10 23:03:39,2015-09-10 23:03:49,2015-09-10 23:09:39
2015-09-11,2015-09-11 10:55:49,2015-09-11 11:03:29,2015-09-11 11:03:39,2015-09-11 11:09:29,2015-09-11 22:55:49,2015-09-11 23:03:29,2015-09-11 23:03:39,2015-09-11 23:09:29
2015-09-12,2015-09-12 10:55:19,2015-09-12 11:03:09,2015-09-12 11:03:19,2015-09-12 11:09:09,2015-09-12 22:55:09,2015-09-12 23:02:59,2015-09-12 23:03:09,2015-09-12 23:08:59
2015-09-13,2015-09-13 10:55:29,2015-09-13 11:03:09,2015-09-13 11:03:19,2015-09-13 11:09:09,2015-09-13 22:55:19,2015-09-13 23:03:09,2015-09-13 23:03:19,2015-09-13 23:09:09
2015-09-14,2015-09-14 10:55:19,2015-09-14 11:02:59,2015-09-14 11:03:09,2015-09-14 11:08:59,2015-09-14 22:55:19,2015-09-14 23:02:59,2015-09-14 23:03:09,2015-09-14 23:08:59
2015-09-15,2015-09-15 10:55:19,2015-09-15 11:03:09,2015-09-15 11:03:19,2015-09-15 11:09:09,2015-09-15 22:54:49,2015-09-15 23:02:59,2015-09-15 23:03:09,2015-09-15 23:08:59
2015-09-16,2015-09-16 10:55:19,2015-09-16 11:02:59,2015-09-16 11:03:09,2015-09-16 11:08:59,2015-09-16 22:54:49,2015-09-16 23:02:39,2015-09-16 23:02:49,2015-09-16 23:08:39
2015-09-17,2015-09-17 10:55:19,2015-09-17 11:02:59,2015-09-17 11:03:09,2015-09-17 11:08:59,2015-09-17 22:54:39,2015-09-17 23:02:29,2015-09-17 23:02:39,2015-09-17 23:08:29
2015-09-18,2015-09-18 10:55:09,2015-09-18 11:02:59,2015-09-18 11:03:09,2015-09-18 11:08:59,2015-09-18 22:54:39,2015-09-18 23:02:49,2015-09-18 23:02:59,2015-09-18 23:08:49
2015-09-19,2015-09-19 10:55:09,2015-09-19 11:02:49,2015-09-19 11:02:59,2015-09-19 11:08:49,2015-09-19 22:53:29,2015-09-19 23:02:39,2015-09-19 23:02:49,2015-09-19 23:08:39
2015-09-20,2015-09-20 10:54:29,2015-09-20 11:02:09,2015-09-20 11:02:19,2015-09-20 11:08:09,2015-09-20 22:54:09,2015-09-20 23:02:39,2015-09-20 23:02:49,2015-09-20 23:08:39
2015-09-21,2015-09-21 10:54:39,2015-09-21 11:02:29,2015-09-21 11:02:39,2015-09-21 11:08:29,2015-09-21 22:54:39,2015-09-21 23:02:29,2015-09-21 23:02:39,2015-09-21 23:08:29
2015-09-22,2015-09-22 10:54:49,2015-09-22 11:02:29,2015-09-22 11:02:39,2015-09-22 11:08:29,2015-09-22 22:54:39,2015-09-22 23:02:29,2015-09-22 23:02:39,2015-09-22 23:08:29
2015-09-23,2015-09-23 10:54:39,2015-09-23 11:02:19,2015-09-23 11:02:29,2015-09-23 11:08:19,2015-09-23 22:54:39,2015-09-23 23:02:19,2015-09-23 23:02:29,2015-09-23 23:08:19
2015-09-24,2015-09-24 10:54:39,2015-09-24 11:02:09,2015-09-24 11:02:19,2015-09-24 11:08:09,2015-09-24 22:54:39,2015-09-24 23:02:09,2015-09-24 23:02:19,2015-09-24 23:08:09
2015-09-25,2015-09-25 10:54:39,2015-09-25 11:02:19,2015-09-25 11:02:29,2015-09-25 11:08:19,2015-09-25 22:54:09,2015-09-25 23:02:19,2015-09-25 23:02:29,2015-09-25 23:08:19
2015-09-26,2015-09-26 10:54:29,2015-09-26 11:02:09,2015-09-26 11:02:19,2015-09-26 11:08:09,2015-09-26 22:54:09,2015-09-26 23:02:09,2015-09-26 23:02:19,2015-09-26 23:08:09
2015-09-27,2015-09-27 10:54:29,2015-09-27 11:02:09,2015-09-27 11:02:19,2015-09-27 11:08:09,2015-09-27 22:54:29,2015-09-27 23:02:19,2015-09-27 23:02:29,2015-09-27 23:08:19
2015-09-28,2015-09-28 10:54:29,2015-09-28 11:02:09,2015-09-28 11:02:19,2015-09-28 11:08:09,2015-09-28 22:54:09,2015-09-28 23:02:19,2015-09-28 23:02:29,2015-09-28 23:08:19
2015-09-29,2015-09-29 10:54:29,2015-09-29 11:01:59,2015-09-29 11:02:09,2015-09-29 11:07:59,2015-09-29 22:54:09,2015-09-29 23:02:09,2015-09-29 23:02:19,2015-09-29 23:08:09
2015-09-30,2015-09-30 10:54:09,2015-09-30 11:01:49,2015-09-30 11:01:59,2015-09-30 11:07:49,2015-09-30 22:54:09,2015-09-30 23:01:49,2015-09-30 23:01:59,2015-09-30 23:07:49
2015-10-01,2015-10-01 10:54:09,2015-10-01 11:01:49,2015-10-01 11:01:59,2015-10-01 11:07:49,2015-10-01 22:53:59,2015-10-01 23:01:49,2015-10-01 23:01:59,2015-10-01 23:07:49
2015-10-02,2015-10-02 10:53:59,2015-10-02 11:01:49,2015-10-02 11:01:59,2015-10-02 11:07:49,2015-10-02 22:53:59,2015-10-02 23:01:39,2015-10-02 23:01:49,2015-10-02 23:07:39
2015-10-03,2015-10-03 10:53:59,2015-10-03 11:01:39,2015-10-03 11:01:49,2015-10-03 11:07:39,2015-10-03 22:53:59,2015-10-03 23:01:39,2015-10-03 23:01:49,2015-10-03 23:07:39
2015-10-04,2015-10-04 10:53:59,2015-10-04 11:01:39,2015-10-04 11:01:49,2015-10-04 11:07:39,2015-10-04 22:53:39,2015-10-04 23:01:39,2015-10-04 23:01:49,2015-10-04 23:07:39
2015-10-05,2015-10-05 10:53:49,2015-10-05 11:01:29,2015-10-05 11:01:39,2015-10-05 11:07:29,2015-10-05 22:53:39,2015-10-05 23:01:29,2015-10-05 23:01:39,2015-10-05 23:07:29
2015-10-06,2015-10-06 10:53:29,2015-10-06 11:01:19,2015-10-06 11:01:29,2015-10-06 11:07:19,2015-10-06 22:53:29,2015-10-06 23:01:19,2015-10-06 23:01:29,2015-10-06 23:07:19
2015-10-07,2015-10-07 10:53:29,2015-10-07 11:01:09,2015-10-07 11:01:19,2015-10-07 11:07:09,2015-10-07 22:53:29,2015-10-07 23:01:09,2015-10-07 23:01:19,2015-10-07 23:07:09
2015-10-08,2015-10-08 10:53:29,2015-10-08 11:01:09,2015-10-08 11:01:19,2015-10-08 11:07:09,2015-10-08 22:53:29,2015-10-08 23:01:09,2015-10-08 23:01:19,2015-10-08 23:07:09
2015-10-09,2015-10-09 10:53:29,2015-10-09 11:01:09,2015-10-09 11:01:19,2015-10-09 11:07:09,2015-10-09 22:53:29,2015-10-09 23:01:09,2015-10-09 23:01:19,2015-10-09 23:07:09
2015-10-10,2015-10-10 10:53:29,2015-10-10 11:00:59,2015-10-10 11:01:09,2015-10-10 11:06:59,2015-10-10 22:53:29,2015-10-10 23:00:59,2015-10-10 23:01:09,2015-10-10 23:06:59
2015-10-11,2015-10-11 10:53:19,2015-10-11 11:00:59,2015-10-11 11:01:09,2015-10-11 11:06:59,2015-10-11 22:53:19,2015-10-11 23:00:59,2015-10-11 23:01:09,2015-10-11 23:06:59
2015-10-12,2015-10-12 10:53:19,2015-10-12 11:00:59,2015-10-12 11:01:09,2015-10-12 11:06:59,2015-10-12 22:53:19,2015-10-12 23:00:49,2015-10-12 23:00:59,2015-10-12 23:06:49
2015-10-13,2015-10-13 10:53:19,2015-10-13 11:00:59,2015-10-13 11:01:09,2015-10-13 11:06:59,2015-10-13 22:53:09,2015-10-13 23:00:59,2015-10-13 23:01:09,2015-10-13 23:06:59
2015-10-14,2015-10-14 10:53:09,2015-10-14 11:00:49,2015-10-14 11:00:59,2015-10-14 11:06:49,2015-10-14 22:53:09,2015-10-14 23:00:49,2015-10-14 23:00:59,2015-10-14 23:06:49
2015-10-15,2015-10-15 10:53:09,2015-10-15 11:00:39,2015-10-15 11:00:49,2015-10-15 11:06:39,2015-10-15 22:53:09,2015-10-15 23:00:49,2015-10-15 23:00:59,2015-10-15 23:06:49
2015-10-16,2015-10-16 10:52:59,2015-10-16 11:00:49,2015-10-16 11:00:59,2015-10-16 11:06:49,2015-10-16 22:52:59,2015-10-16 23:00:49,2015-10-16 23:00:59,2015-10-16 23:06:49
2015-10-17,2015-10-17 10:52:59,2015-10-17 11:00:49,2015-10-17 11:00:59,2015-10-17 11:06:49,2015-10-17 22:52:59,2015-10-17 23:00:39,2015-10-17 23:00:49,2015-10-17 23:06:39
2015-10-18,2015-10-18 10:52:49,2015-10-18 11:00:39,2015-10-18 11:00:49,2015-10-18 11:06:39,2015-10-18 22:52:49,2015-10-18 23:00:39,2015-10-18 23:00:49,2015-10-18 23:06:39
2015-10-19,2015-10-19 10:52:49,2015-10-19 11:00:29,2015-10-19 11:00:39,2015-10-19 11:06:29,2015-10-19 22:52:49,2015-10-19 23:00:29,2015-10-19 23:00:39,2015-10-19 23:06:29
2015-10-20,2015-10-20 10:52:49,2015-10-20 11:00:29,2015-10-20 11:00:39,2015-10-20 11:06:29,2015-10-20 22:52:49,2015-10-20 23:00:29,2015-10-20 23:00:39,2015-10-20 23:06:29
2015-10-21,2015-10-21 10:52:39,2015-10-21 11:00:19,2015-10-21 11:00:29,2015-10-21 11:06:19,2015-10-21 22:52:19,2015-10-21 23:00:19,2015-10-21 23:00:29,2015-10-21 23:06:19
2015-10-22,2015-10-22 10:52:39,2015-10-22 11:00:19,2015-10-22 11:00:29,2015-10-22 11:06:19,2015-10-22 22:52:19,2015-10-22 23:00:09,2015-10-22 23:00:19,2015-10-22 23:06:09
2015-10-23,2015-10-23 10:52:29,2015-10-23 11:00:09,2015-10-23 11:00:19,2015-10-23 11:06:09,2015-10-23 22:52:29,2015-10-23 23:00:09,2015-10-23 23:00:19,2015-10-23 23:06:09
2015-10-24,2015-10-24 10:52:19,2015-10-24 10:59:59,2015-10-24 11:00:09,2015-10-24 11:05:59,2015-10-24 22:51:49,2015-10-24 22:59:59,2015-10-24 23:00:09,2015-10-24 23:05:59
2015-10-25,2015-10-25 10:52:19,2015-10-25 10:59:59,2015-10-25 11:00:09,2015-10-25 11:05:59,2015-10-25 22:51:49,2015-10-25 22:59:59,2015-10-25 23:00:09,2015-10-25 23:05:59
2015-10-26,2015-10-26 10:52:19,2015-10-26 10:59:59,2015-10-26 11:00:09,2015-10-26 11:05:59,2015-10-26 22:51:49,2015-10-26 22:59:59,2015-10-26 23:00:09,2015-10-26 23:05:59
2015-10-27,2015-10-27 10:52:19,2015-10-27 10:59:59,2015-10-27 11:00:09,2015-10-27 11:05:59,2015-10-27 22:47:59,2015-10-27 22:59:59,2015-10-27 23:00:09,2015-10-27 23:05:59
2015-10-28,2015-10-28 10:52:09,2015-10-28 10:59:49,2015-10-28 10:59:59,2015-10-28 11:05:49,2015-10-28 22:51:49,2015-10-28 22:59:39,2015-10-28 22:59:49,2015-10-28 23:05:39
2015-10-29,2015-10-29 10:51:59,2015-10-29 10:59:39,2015-10-29 10:59:49,2015-10-29 11:05:39,2015-10-29 22:51:59,2015-10-29 22:59:39,2015-10-29 22:59:49,2015-10-29 23:05:39
2015-10-30,2015-10-30 10:51:59,2015-10-30 10:59:39,2015-10-30 10:59:49,2015-10-30 11:05:39,2015-10-30 22:51:49,2015-10-30 22:59:39,2015-10-30 22:59:49,2015-10-30 23:05:39
2015-10-31,2015-10-31 10:51:49,2015-10-31 10:59:29,2015-10-31 10:59:39,2015-10-31 11:05:29,2015-10-31 22:41:19,2015-10-31 22:59:39,2015-10-31 22:59:49,2015-10-31 23:05:39
2015-11-01,2015-11-01 10:46:39,2015-11-01 10:59:29,2015-11-01 10:59:39,2015-11-01 11:05:29,2015-11-01 22:41:09,2015-11-01 22:59:39,2015-11-01 22:59:49,2015-11-01 23:05:39
2015-11-02,2015-11-02 10:38:39,2015-11-02 10:59:29,2015-11-02 10:59:39,2015-11-02 11:05:29,2015-11-02 22:39:49,2015-11-02 22:59:29,2015-11-02 22:59:39,2015-11-02 23:05:29
2015-11-03,2015-11-03 10:38:39,2015-11-03 10:59:19,2015-11-03 10:59:29,2015-11-03 11:05:19,2015-11-03 22:39:49,2015-11-03 22:59:19,2015-11-03 22:59:29,2015-11-03 23:05:19
2015-11-04,2015-11-04 10:51:29,2015-11-04 10:59:19,2015-11-04 10:59:29,2015-11-04 11:05:19,2015-11-04 22:51:29,2015-11-04 22:59:09,2015-11-04 22:59:19,2015-11-04 23:05:09
2015-11-05,2015-11-05 10:51:19,2015-11-05 10:59:09,2015-11-05 10:59:19,2015-11-05 11:05:09,2015-11-05 22:51:19,2015-11-05 22:59:09,2015-11-05 22:59:19,2015-11-05 23:05:09
2015-11-06,2015-11-06 10:51:19,2015-11-06 10:58:59,2015-11-06 10:59:09,2015-11-06 11:04:59,2015-11-06 22:51:19,2015-11-06 22:58:59,2015-11-06 22:59:09,2015-11-06 23:04:59
2015-11-07,2015-11-07 10:50:49,2015-11-07 10:58:59,2015-11-07 10:59:09,2015-11-07 11:04:59,2015-11-07 22:50:59,2015-11-07 22:58:49,2015-11-07 22:58:59,2015-11-07 23:04:49
2015-11-08,2015-11-08 10:50:49,2015-11-08 10:58:59,2015-11-08 10:59:09,2015-11-08 11:04:59,2015-11-08 22:50:59,2015-11-08 22:58:39,2015-11-08 22:58:49,2015-11-08 23:04:39
2015-11-09,2015-11-09 10:50:49,2015-11-09 10:58:49,2015-11-09 10:58:59,2015-11-09 11:04:49,2015-11-09 22:50:59,2015-11-09 22:58:29,2015-11-09 22:58:39,2015-11-09 23:04:29
2015-11-10,2015-11-10 10:50:39,2015-11-10 10:58:29,2015-11-10 10:58:39,2015-11-10 11:04:29,2015-11-10 22:50:29,2015-11-10 22:58:19,2015-11-10 22:58:29,2015-11-10 23:04:19
2015-11-11,2015-11-11 10:50:39,2015-11-11 10:58:19,2015-11-11 10:58:29,2015-11-11 11:04:19,2015-11-11 22:50:29,2015-11-11 22:58:39,2015-11-11 22:58:49,2015-11-11 23:04:39
2015-11-12,,,,,,,,
2015-11-13,2015-11-13 05:36:00,2015-11-13 05:43:50,2015-11-13 05:44:00,2015-11-13 05:49:50,2015-11-13 17:36:00,2015-11-13 17:43:40,2015-11-13 17:43:50,2015-11-13 17:49:40
2015-11-14,2015-11-14 05:35:50,2015-11-14 05:43:40,2015-11-14 05:43:50,2015-11-14 05:49:40,2015-11-14 17:35:40,2015-11-14 17:43:40,2015-11-14 17:43:50,2015-11-14 17:49:40
2015-11-15,2015-11-15 05:36:00,2015-11-15 05:43:40,2015-11-15 05:43:50,2015-11-15 05:49:40,2015-11-15 17:35:40,2015-11-15 17:43:40,2015-11-15 17:43:50,2015-11-15 17:49:40
2015-11-16,2015-11-16 05:35:50,2015-11-16 05:43:30,2015-11-16 05:43:40,2015-11-16 05:49:30,2015-11-16 17:35:40,2015-11-16 17:43:30,2015-11-16 17:43:40,2015-11-16 17:49:30
2015-11-17,2015-11-17 05:35:40,2015-11-17 05:43:20,2015-11-17 05:43:30,2015-11-17 05:49:20,2015-11-17 17:35:40,2015-11-17 17:43:20,2015-11-17 17:43:30,2015-11-17 17:49:20
2015-11-18,2015-11-18 05:35:30,2015-11-18 05:43:10,2015-11-18 05:43:20,2015-11-18 05:49:10,2015-11-18 17:35:40,2015-11-18 17:43:10,2015-11-18 17:43:20,2015-11-18 17:49:10
2015-11-19,2015-11-19 05:35:20,2015-11-19 05:43:10,2015-11-19 05:43:20,2015-11-19 05:49:10,2015-11-19 17:35:30,2015-11-19 17:43:00,2015-11-19 17:43:10,2015-11-19 17:49:00
2015-11-20,2015-11-20 05:35:20,2015-11-20 05:43:10,2015-11-20 05:43:20,2015-11-20 05:49:10,2015-11-20 17:35:20,2015-11-20 17:43:10,2015-11-20 17:43:20,2015-11-20 17:49:10
2015-11-21,2015-11-21 05:35:20,2015-11-21 05:43:20,2015-11-21 05:43:30,2015-11-21 05:49:20,2015-11-21 17:35:20,2015-11-21 17:43:20,2015-11-21 17:43:30,2015-11-21 17:49:20
2015-11-22,2015-11-22 05:35:20,2015-11-22 05:43:10,2015-11-22 05:43:20,2015-11-22 05:49:10,2015-11-22 17:35:20,2015-11-22 17:43:10,2015-11-22 17:43:20,2015-11-22 17:49:10
2015-11-23,2015-11-23 05:35:20,2015-11-23 05:43:00,2015-11-23 05:43:10,2015-11-23 05:49:00,2015-11-23 17:35:20,2015-11-23 17:43:20,2015-11-23 17:43:30,2015-11-23 17:49:20
2015-11-24,2015-11-24 05:35:30,2015-11-24 05:43:20,2015-11-24 05:43:30,2015-11-24 05:49:20,2015-11-24 17:35:40,2015-11-24 17:43:20,2015-11-24 17:43:30,2015-11-24 17:49:20
2015-11-25,2015-11-25 05:35:40,2015-11-25 05:43:20,2015-11-25 05:43:30,2015-11-25 05:49:20,2015-11-25 17:35:30,2015-11-25 17:43:20,2015-11-25 17:43:30,2015-11-25 17:49:20
2015-11-26,2015-11-26 05:35:10,2015-11-26 05:43:10,2015-11-26 05:43:20,2015-11-26 05:49:10,2015-11-26 17:35:20,2015-11-26 17:43:10,2015-11-26 17:43:20,2015-11-26 17:49:10
2015-11-27,2015-11-27 05:35:20,2015-11-27 05:43:10,2015-11-27 05:43:20,2015-11-27 05:49:10,2015-11-27 17:35:20,2015-11-27 17:43:20,2015-11-27 17:43:30,2015-11-27 17:49:20
2015-11-28,2015-11-28 05:35:10,2015-11-28 05:43:10,2015-11-28 05:43:20,2015-11-28 05:49:10,2015-11-28 17:35:20,2015-11-28 17:43:10,2015-11-28 17:43:20,2015-11-28 17:49:10
2015-11-29,2015-11-29 05:35:20,2015-11-29 05:43:10,2015-11-29 05:43:20,2015-11-29 05:49:10,2015-11-29 17:35:20,2015-11-29 17:43:10,2015-11-29 17:43:20,2015-11-29 17:49:10
2015-11-30,2015-11-30 05:35:20,2015-11-30 05:43:00,2015-11-30 05:43:10,2015-11-30 05:49:00,2015-11-30 17:35:20,2015-11-30 17:43:00,2015-11-30 17:43:10,2015-11-30 17:49:00
2015-12-01,2015-12-01 05:35:10,2015-12-01 05:42:50,2015-12-01 05:43:00,2015-12-01 05:48:50,2015-12-01 17:35:00,2015-12-01 17:42:50,2015-12-01 17:43:00,2015-12-01 17:48:50
2015-12-02,2015-12-02 05:34:40,2015-12-02 05:42:50,2015-12-02 05:43:00,2015-12-02 05:48:50,2015-12-02 17:34:50,2015-12-02 17:42:40,2015-12-02 17:42:50,2015-12-02 17:48:40
2015-12-03,2015-12-03 05:33:40,2015-12-03 05:42:40,2015-12-03 05:42:50,2015-12-03 05:48:40,2015-12-03 17:34:50,2015-12-03 17:42:30,2015-12-03 17:42:40,2015-12-03 17:48:30
2015-12-04,2015-12-04 05:34:50,2015-12-04 05:42:30,2015-12-04 05:42:40,2015-12-04 05:48:30,2015-12-04 17:34:50,2015-12-04 17:42:30,2015-12-04 17:42:40,2015-12-04 17:48:30
2015-12-05,2015-12-05 05:34:50,2015-12-05 05:42:30,2015-12-05 05:42:40,2015-12-05 05:48:30,2015-12-05 17:34:20,2015-12-05 17:42:30,2015-12-05 17:42:40,2015-12-05 17:48:30
2015-12-06,2015-12-06 05:34:10,2015-12-06 05:42:20,2015-12-06 05:42:30,2015-12-06 05:48:20,2015-12-06 17:34:30,2015-12-06 17:42:20,2015-12-06 17:42:30,2015-12-06 17:48:20
2015-12-07,2015-12-07 05:34:10,2015-12-07 05:42:10,2015-12-07 05:42:20,2015-12-07 05:48:10,2015-12-07 17:34:20,2015-12-07 17:42:10,2015-12-07 17:42:20,2015-12-07 17:48:10
2015-12-08,2015-12-08 05:34:10,2015-12-08 05:42:00,2015-12-08 05:42:10,2015-12-08 05:48:00,2015-12-08 17:34:20,2015-12-08 17:42:00,2015-12-08 17:42:10,2015-12-08 17:48:00
2015-12-09,2015-12-09 05:34:20,2015-12-09 05:42:00,2015-12-09 05:42:10,2015-12-09 05:48:00,2015-12-09 17:34:20,2015-12-09 17:42:00,2015-12-09 17:42:10,2015-12-09 17:48:00
2015-12-10,2015-12-10 05:34:10,2015-12-10 05:42:00,2015-12-10 05:42:10,2015-12-10 05:48:00,2015-12-10 17:34:10,2015-12-10 17:41:50,2015-12-10 17:42:00,2015-12-10 17:47:50
2015-12-11,2015-12-11 05:33:50,2015-12-11 05:41:50,2015-12-11 05:42:00,2015-12-11 05:47:50,2015-12-11 17:34:00,2015-12-11 17:41:50,2015-12-11 17:42:00,2015-12-11 17:47:50
2015-12-12,2015-12-12 05:33:50,2015-12-12 05:41:40,2015-12-12 05:41:50,2015-12-12 05:47:40,2015-12-12 17:34:00,2015-12-12 17:41:40,2015-12-12 17:41:50,2015-12-12 17:47:40
2015-12-13,2015-12-13 05:34:00,2015-12-13 05:41:40,2015-12-13 05:41:50,2015-12-13 05:47:40,2015-12-13 17:33:50,2015-12-13 17:41:40,2015-12-13 17:41:50,2015-12-13 17:47:40
2015-12-14,2015-12-14 05:33:50,2015-12-14 05:41:40,2015-12-14 05:41:50,2015-12-14 05:47:40,2015-12-14 17:33:50,2015-12-14 17:41:30,2015-12-14 17:41:40,2015-12-14 17:47:30
2015-12-15,2015-12-15 05:33:50,2015-12-15 05:41:30,2015-12-15 05:41:40,2015-12-15 05:47:30,2015-12-15 17:33:30,2015-12-15 17:41:30,2015-12-15 17:41:40,2015-12-15 17:47:30
2015-12-16,2015-12-16 05:33:30,2015-12-16 05:41:20,2015-12-16 05:41:30,2015-12-16 05:47:20,2015-12-16 17:33:23,2015-12-16 17:41:23,2015-12-16 17:41:33,2015-12-16 17:47:23
2015-12-17,2015-12-17 05:33:13,2015-12-17 05:41:13,2015-12-17 05:41:23,2015-12-17 05:47:13,2015-12-17 17:33:23,2015-12-17 17:41:13,2015-12-17 17:41:23,2015-12-17 17:47:13
2015-12-18,2015-12-18 05:33:13,2015-12-18 05:41:03,2015-12-18 05:41:13,2015-12-18 05:47:03,2015-12-18 17:33:03,2015-12-18 17:41:03,2015-12-18 17:41:13,2015-12-18 17:47:03
2015-12-19,2015-12-19 05:32:33,2015-12-19 05:40:53,2015-12-19 05:41:03,2015-12-19 05:46:53,2015-12-19 17:33:03,2015-12-19 17:40:53,2015-12-19 17:41:03,2015-12-19 17:46:53
2015-12-20,2015-12-20 05:32:33,2015-12-20 05:40:43,2015-12-20 05:40:53,2015-12-20 05:46:43,2015-12-20 17:33:03,2015-12-20 17:40:43,2015-12-20 17:40:53,2015-12-20 17:46:43
2015-12-21,2015-12-21 05:32:33,2015-12-21 05:40:43,2015-12-21 05:40:53,2015-12-21 05:46:43,2015-12-21 17:33:03,2015-12-21 17:40:43,2015-12-21 17:40:53,2015-12-21 17:46:43
2015-12-22,2015-12-22 05:32:53,2015-12-22 05:40:43,2015-12-22 05:40:53,2015-12-22 05:46:43,2015-12-22 17:32:43,2015-12-22 17:40:33,2015-12-22 17:40:43,2015-12-22 17:46:33
2015-12-23,2015-12-23 05:32:43,2015-12-23 05:40:33,2015-12-23 05:40:43,2015-12-23 05:46:33,2015-12-23 17:32:23,2015-12-23 17:40:23,2015-12-23 17:40:33,2015-12-23 17:46:23
2015-12-24,2015-12-24 17:32:13,2015-12-24 17:40:23,2015-12-24 17:40:33,2015-12-24 17:46:23,,,,
2015-12-25,2015-12-25 05:32:43,2015-12-25 05:40:23,2015-12-25 05:40:33,2015-12-25 05:46:23,2015-12-25 17:32:33,2015-12-25 17:40:23,2015-12-25 17:40:33,2015-12-25 17:46:23
2015-12-26,2015-12-26 05:32:43,2015-12-26 05:40:13,2015-12-26 05:40:23,2015-12-26 05:46:13,2015-12-26 17:32:33,2015-12-26 17:40:13,2015-12-26 17:40:23,2015-12-26 17:46:13
2015-12-27,2015-12-27 05:32:23,2015-12-27 05:40:03,2015-12-27 05:40:13,2015-12-27 05:46:03,2015-12-27 17:32:23,2015-12-27 17:40:03,2015-12-27 17:40:13,2015-12-27 17:46:03
2015-12-28,2015-12-28 05:32:23,2015-12-28 05:39:53,2015-12-28 05:40:03,2015-12-28 05:45:53,2015-12-28 17:32:23,2015-12-28 17:39:53,2015-12-28 17:40:03,2015-12-28 17:45:53
2015-12-29,2015-12-29 05:31:53,2015-12-29 05:39:43,2015-12-29 05:39:53,2015-12-29 05:45:43,2015-12-29 17:31:33,2015-12-29 17:39:43,2015-12-29 17:39:53,2015-12-29 17:45:43
2015-12-30,2015-12-30 05:31:43,2015-12-30 05:39:33,2015-12-30 05:39:43,2015-12-30 05:45:33,2015-12-30 17:31:33,2015-12-30 17:39:33,2015-12-30 17:39:43,2015-12-30 17:45:33
2015-12-31,2015-12-31 05:31:53,2015-12-31 05:39:33,2015-12-31 05:39:43,2015-12-31 05:45:33,2015-12-31 17:31:53,2015-12-31 17:39:33,2015-12-31 17:39:43,2015-12-31 17:45:33
