date,purge1_start_idx,purge1_end_idx,recovery1_start_idx,recovery1_end_idx
2022-01-01,3114,3161,3162,3197
2022-01-02,3113,3159,3160,3195
2022-01-03,3111,3158,3159,3194
2022-01-04,3109,3157,3158,3193
2022-01-05,3105,3156,3157,3192
2022-01-06,3110,3156,3157,3192
2022-01-07,3109,3155,3156,3191
2022-01-08,3109,3155,3156,3191
2022-01-09,3107,3154,3155,3190
2022-01-10,3107,3153,3154,3189
2022-01-11,3107,3152,3153,3188
2022-01-12,3107,3151,3152,3187
2022-01-13,3107,3150,3151,3186
2022-01-14,3104,3150,3151,3186
2022-01-15,3103,3150,3151,3186
2022-01-16,3103,3149,3150,3185
2022-01-17,3102,3148,3149,3184
2022-01-18,3102,3148,3149,3184
2022-01-19,3098,3146,3147,3182
2022-01-20,3100,3146,3147,3182
2022-01-21,3099,3146,3147,3182
2022-01-22,3098,3145,3146,3181
2022-01-23,3098,3144,3145,3180
2022-01-24,3095,3143,3144,3179
2022-01-25,3095,3142,3143,3178
2022-01-26,5621,5668,5669,5704
2022-01-27,5531,5577,5578,5613
2022-01-28,5620,5666,5667,5702
2022-01-29,5617,5665,5666,5701
2022-01-30,5617,5665,5666,5701
2022-01-31,5615,5663,5664,5699
2022-02-01,5615,5664,5665,5700
2022-02-02,5614,5660,5661,5696
2022-02-03,5613,5659,5660,5695
2022-02-04,5611,5658,5659,5694
2022-02-05,5610,5657,5658,5693
2022-02-06,5609,5655,5656,5691
2022-02-07,5608,5654,5655,5690
2022-02-08,5606,5653,5654,5689
2022-02-09,5605,5652,5653,5688
2022-02-10,5604,5650,5651,5686
2022-02-11,5603,5649,5650,5685
2022-02-12,5602,5649,5650,5685
2022-02-13,5600,5647,5648,5683
2022-02-14,5599,5646,5647,5682
2022-02-15,5598,5645,5646,5681
2022-02-16,5596,5643,5644,5679
2022-02-17,5595,5642,5643,5678
2022-02-18,5593,5640,5641,5676
2022-02-19,5593,5639,5640,5675
2022-02-20,5592,5638,5639,5674
2022-02-21,5590,5637,5638,5673
2022-02-22,5589,5635,5636,5671
2022-02-23,5588,5634,5635,5670
2022-02-24,5587,5633,5634,5669
2022-02-25,5585,5632,5633,5668
2022-02-26,5584,5631,5632,5667
2022-02-27,5584,5630,5631,5666
2022-02-28,5582,5629,5630,5665
2022-03-01,5581,5627,5628,5663
2022-03-02,5579,5626,5627,5662
2022-03-03,5578,5624,5625,5660
2022-03-04,5577,5623,5624,5659
2022-03-05,5575,5622,5623,5658
2022-03-06,5574,5621,5622,5657
2022-03-07,5573,5620,5621,5656
2022-03-08,5568,5619,5620,5655
2022-03-09,5571,5617,5618,5653
2022-03-10,5569,5616,5617,5652
2022-03-11,5567,5614,5615,5650
2022-03-12,5566,5612,5613,5648
2022-03-13,5564,5611,5612,5647
2022-03-14,5563,5610,5611,5646
2022-03-15,5562,5609,5610,5645
2022-03-16,5561,5607,5608,5643
2022-03-17,5560,5606,5607,5642
2022-03-18,5559,5605,5606,5641
2022-03-19,5556,5604,5605,5640
2022-03-20,5556,5604,5605,5640
2022-03-21,5555,5602,5603,5638
2022-03-22,5554,5601,5602,5637
2022-03-23,5553,5599,5600,5635
2022-03-24,5549,5597,5598,5633
2022-03-25,5550,5596,5597,5632
2022-03-26,5548,5595,5596,5631
2022-03-27,5546,5593,5594,5629
2022-03-28,5546,5592,5593,5628
2022-03-29,5544,5590,5591,5626
2022-03-30,5542,5589,5590,5625
2022-03-31,5541,5588,5589,5624
2022-04-01,5541,5587,5588,5623
2022-04-02,5539,5586,5587,5622
2022-04-03,5539,5586,5587,5622
2022-04-04,5538,5584,5585,5620
2022-04-05,5536,5583,5584,5619
2022-04-06,5535,5581,5582,5617
2022-04-07,5533,5579,5580,5615
2022-04-08,5532,5578,5579,5614
2022-04-09,5531,5577,5578,5613
2022-04-10,5530,5576,5577,5612
2022-04-11,5529,5575,5576,5611
2022-04-12,5525,5573,5574,5609
2022-04-13,5525,5571,5572,5607
2022-04-14,5524,5570,5571,5606
2022-04-15,5522,5568,5569,5604
2022-04-16,5520,5567,5568,5603
2022-04-17,5519,5565,5566,5601
2022-04-18,5517,5563,5564,5599
2022-04-19,5516,5562,5563,5598
2022-04-20,5514,5560,5561,5596
2022-04-21,5513,5559,5560,5595
2022-04-22,5511,5557,5558,5593
2022-04-23,5509,5555,5556,5591
2022-04-24,5507,5554,5555,5590
2022-04-25,5505,5552,5553,5588
2022-04-26,5505,5551,5552,5587
2022-04-27,5503,5549,5550,5585
2022-04-28,5502,5548,5549,5584
2022-04-29,5500,5547,5548,5583
2022-04-30,5499,5545,5546,5581
2022-05-01,5497,5544,5545,5580
2022-05-02,5496,5542,5543,5578
2022-05-03,5494,5540,5541,5576
2022-05-04,5492,5538,5539,5574
2022-05-05,5491,5537,5538,5573
2022-05-06,5488,5535,5536,5571
2022-05-07,5486,5533,5534,5569
2022-05-08,5485,5531,5532,5567
2022-05-09,5480,5529,5530,5565
2022-05-10,5481,5527,5528,5563
2022-05-11,5479,5526,5527,5562
2022-05-12,5477,5524,5525,5560
2022-05-13,5476,5522,5523,5558
2022-05-14,5474,5521,5522,5557
2022-05-15,5472,5519,5520,5555
2022-05-16,5470,5517,5518,5553
2022-05-17,5468,5515,5516,5551
2022-05-18,5467,5513,5514,5549
2022-05-19,5465,5511,5512,5547
2022-05-20,5463,5509,5510,5545
2022-05-21,5461,5507,5508,5543
2022-05-22,5459,5505,5506,5541
2022-05-23,5456,5503,5504,5539
2022-05-24,5456,5502,5503,5538
2022-05-25,5454,5500,5501,5536
2022-05-26,5452,5498,5499,5534
2022-05-27,5450,5497,5498,5533
2022-05-28,5449,5495,5496,5531
2022-05-29,5445,5493,5494,5529
2022-05-30,5445,5492,5493,5528
2022-05-31,5444,5490,5491,5526
2022-06-01,5442,5488,5489,5524
2022-06-02,5440,5487,5488,5523
2022-06-03,5437,5485,5486,5521
2022-06-04,5436,5483,5484,5519
2022-06-05,5434,5481,5482,5517
2022-06-06,5433,5479,5480,5515
2022-06-07,5429,5477,5478,5513
2022-06-08,5429,5475,5476,5511
2022-06-09,5427,5473,5474,5509
2022-06-10,5424,5471,5472,5507
2022-06-11,5422,5469,5470,5505
2022-06-12,5420,5467,5468,5503
2022-06-13,5419,5465,5466,5501
2022-06-14,5417,5463,5464,5499
2022-06-15,5414,5460,5461,5496
2022-06-16,5412,5458,5459,5494
2022-06-17,5409,5455,5456,5491
2022-06-18,5406,5453,5454,5489
2022-06-19,5404,5451,5452,5487
2022-06-20,5403,5449,5450,5485
2022-06-21,5400,5447,5448,5483
2022-06-22,5398,5443,5444,5479
2022-06-23,5396,5442,5443,5478
2022-06-24,5393,5440,5441,5476
2022-06-25,5391,5438,5439,5474
2022-06-26,5390,5436,5437,5472
2022-06-27,5385,5434,5435,5470
2022-06-28,5386,5432,5433,5468
2022-06-29,5384,5430,5431,5466
2022-06-30,5382,5428,5429,5464
2022-07-01,5380,5427,5428,5463
2022-07-02,5378,5425,5426,5461
2022-07-03,5377,5423,5424,5459
2022-07-04,5373,5421,5422,5457
2022-07-05,5372,5419,5420,5455
2022-07-06,5370,5416,5417,5452
2022-07-07,5368,5414,5415,5450
2022-07-08,5365,5411,5412,5447
2022-07-09,5362,5409,5410,5445
2022-07-10,5359,5406,5407,5442
2022-07-11,5355,5403,5404,5439
2022-07-12,5353,5400,5401,5436
2022-07-13,5350,5396,5397,5432
2022-07-14,5348,5394,5395,5430
2022-07-15,5342,5391,5392,5427
2022-07-16,5343,5389,5390,5425
2022-07-17,5339,5386,5387,5422
2022-07-18,5335,5382,5383,5418
2022-07-19,5332,5378,5379,5414
2022-07-20,5326,5376,5377,5412
2022-07-21,5327,5373,5374,5409
2022-07-22,5324,5371,5372,5407
2022-07-23,5319,5369,5370,5405
2022-07-24,5320,5366,5367,5402
2022-07-25,5317,5364,5365,5400
2022-07-26,5315,5362,5363,5398
2022-07-27,5313,5360,5361,5396
2022-07-28,5310,5357,5358,5393
2022-07-29,5308,5355,5356,5391
2022-07-30,5306,5353,5354,5389
2022-07-31,5304,5350,5351,5386
2022-08-01,5301,5347,5348,5383
2022-08-02,5298,5344,5345,5380
2022-08-03,5295,5343,5344,5379
2022-08-04,5292,5339,5340,5375
2022-08-05,5291,5337,5338,5373
2022-08-06,5289,5335,5336,5371
2022-08-07,5286,5332,5333,5368
2022-08-08,5283,5329,5330,5365
2022-08-09,5280,5326,5327,5362
2022-08-10,5277,5324,5325,5360
2022-08-11,5274,5320,5321,5356
2022-08-12,5269,5316,5317,5352
2022-08-13,5266,5313,5314,5349
2022-08-14,5252,5309,5310,5345
2022-08-15,5260,5306,5307,5342
2022-08-16,5258,5304,5305,5340
2022-08-17,5256,5302,5303,5338
2022-08-18,5253,5299,5300,5335
2022-08-19,5251,5297,5298,5333
2022-08-20,5248,5295,5296,5331
2022-08-21,5246,5293,5294,5329
2022-08-22,5244,5291,5292,5327
2022-08-23,5241,5287,5288,5323
2022-08-24,5238,5284,5285,5320
2022-08-25,5236,5282,5283,5318
2022-08-26,5233,5280,5281,5316
2022-08-27,5231,5278,5279,5314
2022-08-28,5228,5276,5277,5312
2022-08-29,5227,5273,5274,5309
2022-08-30,5223,5271,5272,5307
2022-08-31,5223,5269,5270,5305
2022-09-01,5221,5267,5268,5303
2022-09-05,5212,5258,5259,5294
2022-09-06,5209,5255,5256,5291
2022-09-07,5207,5254,5255,5290
2022-09-08,5205,5251,5252,5287
2022-09-09,5203,5250,5251,5286
2022-09-10,5202,5248,5249,5284
2022-09-11,5199,5246,5247,5282
2022-09-12,5197,5243,5244,5279
2022-09-13,5195,5239,5240,5275
2022-09-14,5193,5239,5240,5275
2022-09-15,5191,5238,5239,5274
2022-09-16,5190,5236,5237,5272
2022-09-17,5188,5235,5236,5271
2022-09-18,5188,5234,5235,5270
2022-09-19,5185,5232,5233,5268
2022-09-20,5183,5230,5231,5266
2022-09-21,5182,5228,5229,5264
2022-09-22,5181,5227,5228,5263
2022-09-23,5178,5225,5226,5261
2022-09-24,5177,5223,5224,5259
2022-09-25,5176,5222,5223,5258
2022-09-26,5174,5220,5221,5256
2022-09-27,5173,5219,5220,5255
2022-09-28,5171,5217,5218,5253
2022-09-29,5170,5216,5217,5252
2022-09-30,5169,5215,5216,5251
2022-10-01,5167,5213,5214,5249
2022-10-02,5165,5211,5212,5247
2022-10-03,5164,5210,5211,5246
2022-10-04,5161,5208,5209,5244
2022-10-05,5160,5206,5207,5242
2022-10-06,5157,5204,5205,5240
2022-10-07,5156,5203,5204,5239
2022-10-08,5155,5202,5203,5238
2022-10-09,5154,5200,5201,5236
2022-10-10,5152,5199,5200,5235
2022-10-11,5151,5197,5198,5233
2022-10-12,5149,5196,5197,5232
2022-10-13,5148,5194,5195,5230
2022-10-14,5147,5193,5194,5229
2022-10-15,5145,5191,5192,5227
2022-10-16,5143,5190,5191,5226
2022-10-17,5142,5188,5189,5224
2022-10-18,5140,5187,5188,5223
2022-10-19,5138,5185,5186,5221
2022-10-20,5136,5183,5184,5219
2022-10-21,5135,5181,5182,5217
2022-10-22,5133,5179,5180,5215
2022-10-23,5131,5177,5178,5213
2022-10-24,5129,5176,5177,5212
2022-10-25,5128,5174,5175,5210
2022-10-26,5124,5172,5173,5208
2022-10-27,5124,5170,5171,5206
2022-10-28,5121,5168,5169,5204
2022-10-29,5120,5166,5167,5202
2022-10-30,5118,5164,5165,5200
2022-10-31,5116,5163,5164,5199
2022-11-01,5115,5161,5162,5197
2022-11-02,5113,5160,5161,5196
2022-11-03,5112,5158,5159,5194
2022-11-04,5110,5157,5158,5193
2022-11-05,5110,5156,5157,5192
2022-11-06,5108,5154,5155,5190
2022-11-07,5106,5153,5154,5189
2022-11-08,5104,5151,5152,5187
2022-11-09,5103,5150,5151,5186
2022-11-10,5102,5148,5149,5184
2022-11-11,5100,5146,5147,5182
2022-11-12,5098,5145,5146,5181
2022-11-13,5096,5143,5144,5179
2022-11-14,5095,5142,5143,5178
2022-11-15,5093,5140,5141,5176
2022-11-16,5093,5139,5140,5175
2022-11-21,5087,5133,5134,5169
2022-11-22,5086,5135,5136,5171
2022-11-23,5083,5131,5132,5167
2022-11-24,5084,5130,5131,5166
2022-11-25,5080,5129,5130,5165
2022-11-26,5080,5128,5129,5164
2022-11-27,5079,5126,5127,5162
2022-11-28,5075,5125,5126,5161
2022-11-29,5076,5124,5125,5160
2022-11-30,5076,5123,5124,5159
2022-12-01,5076,5122,5123,5158
2022-12-02,5075,5122,5123,5158
2022-12-03,5074,5120,5121,5156
2022-12-04,5073,5120,5121,5156
2022-12-05,5072,5118,5119,5154
2022-12-06,5071,5117,5118,5153
2022-12-07,5069,5117,5118,5153
2022-12-08,5069,5117,5118,5153
2022-12-09,5070,5117,5118,5153
2022-12-10,5070,5118,5119,5154
2022-12-11,5072,5118,5119,5154
2022-12-12,5071,5118,5119,5154
2022-12-13,5072,5118,5119,5154
2022-12-14,5071,5118,5119,5154
2022-12-15,5073,5119,5120,5155
2022-12-16,5073,5119,5120,5155
2022-12-17,5073,5120,5121,5156
2022-12-18,5073,5119,5120,5155
2022-12-19,5071,5118,5119,5154
2022-12-20,,,,
2022-12-21,5654,5701,5702,5737
2022-12-22,5652,5700,5701,5736
2022-12-23,5652,5698,5699,5734
2022-12-24,5651,5697,5698,5733
2022-12-25,5649,5696,5697,5732
2022-12-26,5647,5694,5695,5730
2022-12-27,5647,5693,5694,5729
2022-12-28,5646,5692,5693,5728
2022-12-29,5645,5691,5692,5727
2022-12-30,5643,5690,5691,5726
2022-12-31,5641,5688,5689,5724
