date,purge1_start_idx,purge1_end_idx,recovery1_start_idx,recovery1_end_idx,purge2_start_idx,purge2_end_idx,recovery2_start_idx,recovery2_end_idx
2015-04-15,4022,4071,4072,4104,8342,8389,8390,8425
2015-04-16,4022,4069,4070,4105,8342,8389,8390,8425
2015-04-17,4019,4069,4070,4105,8343,8389,8390,8425
2015-04-18,4022,4069,4070,4105,8342,8389,8390,8425
2015-04-19,4022,4069,4070,4105,8342,8389,8390,8425
2015-04-20,4022,4069,4070,4105,8342,8388,8389,8424
2015-04-21,4023,4069,4070,4105,8343,8389,8390,8425
2015-04-22,4023,4069,4070,4105,8342,8389,8390,8425
2015-04-23,4023,4069,4070,4105,8343,8389,8390,8425
2015-04-24,4023,4069,4070,4105,8343,8389,8390,8425
2015-04-25,4022,4068,4069,4104,8340,8388,8389,8424
2015-04-26,4022,4068,4069,4104,8342,8388,8389,8424
2015-04-27,4022,4069,4070,4107,8342,8391,8392,8427
2015-04-28,4022,4070,4071,4106,8342,8390,8391,8426
2015-04-29,4022,4069,4070,4105,8342,8389,8390,8425
2015-04-30,4022,4069,4070,4105,8342,8389,8390,8425
2015-05-01,4023,4069,4070,4105,8342,8389,8390,8425
2015-05-02,4023,4068,4069,4104,8342,8388,8389,8424
2015-05-03,4022,4068,4069,4104,8340,8388,8389,8424
2015-05-04,4022,4068,4069,4104,8339,8388,8389,8424
2015-05-05,4022,4067,4068,4103,8339,8387,8388,8423
2015-05-06,4021,4067,4068,4103,8341,8387,8388,8423
2015-05-07,4021,4067,4068,4103,8340,8387,8388,8423
2015-05-08,4021,4067,4068,4103,8341,8387,8388,8423
2015-05-09,4020,4067,4068,4103,8340,8386,8387,8422
2015-05-10,4020,4066,4067,4102,8338,8386,8387,8422
2015-05-11,4020,4066,4067,4102,8339,8385,8386,8421
2015-05-12,4019,4066,4067,4102,8338,8385,8386,8421
2015-05-13,4018,4066,4067,4102,8338,8385,4113,4116
2015-05-14,4018,4065,4066,4101,8338,8385,8386,8421
2015-05-15,4018,4065,4066,4101,8338,8385,8386,8421
2015-05-16,4018,4065,4066,4101,8338,8384,8385,8420
2015-05-17,4018,4064,4065,4100,8338,8384,8385,8420
2015-05-18,4017,4064,4065,4100,8338,8384,8385,8420
2015-05-19,4018,4064,4065,4100,8338,8384,8385,8420
2015-05-20,4018,4064,4065,4100,8338,8384,8385,8420
2015-05-21,4018,4064,4065,4100,8337,8384,8385,8420
2015-05-22,4017,4063,4064,4099,8337,8383,8384,8419
2015-05-23,4017,4063,4064,4099,8336,8383,8384,8419
2015-05-24,4017,4063,4064,4099,8335,8382,8383,8418
2015-05-25,4016,4062,4063,4098,8335,8381,8382,8417
2015-05-26,4016,4062,4063,4098,8335,8382,8383,8418
2015-05-27,4016,4062,4063,4101,8335,8381,8382,8417
2015-05-28,4015,4061,4062,4097,8334,8381,8382,8417
2015-05-29,4015,4061,4062,4097,8335,8381,8382,8417
2015-05-30,4015,4061,4062,4097,8334,8381,8382,8417
2015-05-31,4014,4060,4061,4096,8334,8380,8381,8416
2015-06-01,4014,4060,4061,4096,8333,8380,8381,8416
2015-06-02,4014,4060,4061,4096,8333,8380,8381,8416
2015-06-03,4012,4059,4060,4095,8332,8378,8379,8414
2015-06-04,4013,4059,4060,4095,8333,8379,8380,8415
2015-06-05,4012,4058,4059,4094,8332,8378,8379,8414
2015-06-06,4012,4058,4059,4094,8331,8378,8379,8414
2015-06-07,4011,4058,4059,4094,8330,8377,8378,8413
2015-06-08,4011,4057,4058,4093,8330,8377,8378,8413
2015-06-09,4011,4057,4058,4093,8330,8376,8377,8412
2015-06-10,4010,4056,4057,4092,8330,8376,8377,8412
2015-06-11,4010,4056,4057,4092,8328,8376,8377,8412
2015-06-12,4009,4055,4056,4091,8328,8375,8376,8411
2015-06-13,4008,4054,4055,4090,8327,8373,8374,8409
2015-06-14,4007,4054,4055,4090,8326,8373,8374,8409
2015-06-15,4005,4052,4053,4088,8324,8373,8374,8409
2015-06-16,4005,4051,4052,4087,8324,8372,8373,8408
2015-06-17,4005,4051,4052,4086,8324,8372,8373,8408
2015-06-18,4005,4051,4052,4087,8325,8371,8372,8407
2015-06-19,4004,4050,4051,4086,8323,8370,8371,8406
2015-06-20,4003,4050,4051,4086,8323,8369,8370,8406
2015-06-21,4003,4049,4050,4085,8320,8369,8370,8405
2015-06-22,4002,4048,4049,4084,8322,8368,8369,8404
2015-06-23,4002,4048,4049,4084,8322,8367,8368,8403
2015-06-24,4001,4047,4048,4083,8321,8367,8368,8403
2015-06-25,4000,4047,4048,4083,8319,8366,8367,8402
2015-06-26,3999,4045,4046,4081,8318,8365,8366,8401
2015-06-27,3999,4045,4046,4081,8319,8364,8365,8401
2015-06-28,3997,4044,4045,4080,8316,8363,8364,8399
2015-06-29,3997,4043,4044,4079,8316,8362,8363,8398
2015-06-30,3995,4042,4043,4078,8315,8361,8362,8397
2015-07-01,3993,4040,4041,4076,8314,8358,8359,8396
2015-07-02,3992,4038,4039,4075,8311,8358,8359,8395
2015-07-03,3992,4038,4039,4074,8309,8359,8360,8395
2015-07-04,3990,4036,4037,4072,8307,8355,8356,8391
2015-07-05,3989,4035,4036,4071,8306,8355,8356,8391
2015-07-06,3989,4036,4037,4072,8307,8355,8356,8393
2015-07-07,3989,4034,4035,4071,8307,8354,8355,8392
2015-07-08,3988,4033,4034,4070,8307,8353,8354,8393
2015-07-09,3987,4033,4034,4069,8306,8353,8354,8392
2015-07-10,3987,4032,4033,4068,8306,8351,8352,8391
2015-07-11,3987,4031,4032,4067,8301,8350,8351,8390
2015-07-12,3984,4030,4031,4066,8302,8350,8351,8386
2015-07-13,3982,4029,4030,4065,8302,8349,8350,8385
2015-07-14,3982,4028,4029,4064,8301,8348,8349,8384
2015-07-15,3981,4027,4028,4063,8301,8346,8347,8383
2015-07-16,3980,4026,4027,4062,8298,8345,8346,8383
2015-07-17,3977,4024,4025,4060,8298,8344,8345,8380
2015-07-18,3976,4024,4025,4060,8297,8343,8344,8379
2015-07-19,3976,4023,4024,4059,8296,8342,8343,8378
2015-07-20,3976,4022,4023,4058,8296,8341,8342,8377
2015-07-21,3976,4021,4022,4057,8294,8340,8341,8376
2015-07-22,3972,4020,4021,4056,8292,8339,8340,8375
2015-07-23,3972,4019,4020,4055,8292,8339,8340,8375
2015-07-24,3971,4018,4019,4054,8292,8338,8339,8374
2015-07-25,3971,4018,4019,4054,8291,8338,8339,8374
2015-07-26,3971,4017,4018,4053,8289,8337,8338,8373
2015-07-27,3970,4017,4018,4053,8290,8337,8338,8373
2015-07-28,3970,4016,4017,4052,8290,8336,8337,8372
2015-07-29,3970,4016,4017,4052,8289,8336,8337,8372
2015-07-30,3968,4016,4017,4052,8286,8335,8336,8371
2015-07-31,3968,4015,4016,4051,8286,8334,8335,8370
2015-08-01,3968,4014,4015,4050,8286,8333,8334,8369
2015-08-02,3968,4013,4014,4049,8286,8332,8333,8368
2015-08-03,3967,4012,4013,4048,8286,8331,8332,8367
2015-08-04,3965,4011,4012,4047,8283,8331,8332,8367
2015-08-05,3964,4010,4011,4046,8283,8330,8331,8366
2015-08-06,3959,4009,4010,4045,8282,8329,8330,8365
2015-08-07,3961,4008,4009,4044,8280,8328,8329,8364
2015-08-08,3957,4007,4008,4043,8279,8326,8327,8363
2015-08-09,3959,4005,4006,4041,8279,8325,8326,8361
2015-08-10,3959,4005,4006,4041,8277,8324,8325,8360
2015-08-11,3957,4004,4005,4040,8275,8324,8325,8360
2015-08-12,3955,4003,4004,4039,8275,8323,8324,8359
2015-08-13,3955,4001,4002,4037,8274,8321,8322,8357
2015-08-14,3954,4001,4002,4037,8275,8320,8321,8356
2015-08-15,3954,4000,4001,4036,8274,8319,8320,8355
2015-08-16,3952,3999,4000,4035,8272,8319,8320,8355
2015-08-17,3952,3998,3999,4034,8271,8318,8319,8354
2015-08-18,3951,3998,3999,4034,8271,8317,8318,8353
2015-08-19,3951,3997,3998,4033,8271,8316,8317,8352
2015-08-20,3950,3996,3997,4032,8271,8315,8316,8351
2015-08-21,3948,3995,3996,4031,8268,8314,8315,8350
2015-08-22,3947,3993,3994,4029,8266,8312,8313,8350
2015-08-23,3945,3992,3993,4028,8264,8312,8313,8348
2015-08-24,3925,3999,4000,4035,8264,8311,8312,8347
2015-08-25,3944,3990,3991,4026,8264,8310,8311,8346
2015-08-26,3941,3990,3991,4026,8264,8309,8310,8345
2015-08-27,3941,3989,3990,4025,8264,8308,8309,8344
2015-08-28,3942,3988,3989,4024,8261,8308,8309,8344
2015-08-29,3940,3987,3988,4023,8259,8307,8308,8343
2015-08-30,3940,3986,3987,4022,8259,8306,8307,8342
2015-08-31,3938,3985,3986,4021,8257,8305,8306,8341
2015-09-01,3938,3985,3986,4021,8258,8304,8305,8340
2015-09-02,3938,3984,3985,4020,8258,8304,8305,8340
2015-09-03,3938,3983,3984,4019,8257,8304,8305,8340
2015-09-04,3936,3982,3983,4018,8256,8303,8304,8339
2015-09-05,3937,3983,3984,4019,8257,8303,8304,8339
2015-09-06,3937,3983,3984,4019,8255,8303,8304,8339
2015-09-07,3936,3982,3983,4018,8256,8302,8303,8338
2015-09-08,3936,3982,3983,4018,8254,8301,8302,8337
2015-09-09,3935,3982,3983,4018,8255,8301,8302,8337
2015-09-10,3935,3981,3982,4017,8254,8301,8302,8337
2015-09-11,3934,3980,3981,4016,8254,8300,8301,8336
2015-09-12,3931,3978,3979,4014,8250,8297,8298,8333
2015-09-13,3932,3978,3979,4014,8251,8298,8299,8334
2015-09-14,3931,3978,3979,4013,8251,8298,8299,8333
2015-09-15,3931,3978,3979,4014,8248,8297,8298,8333
2015-09-16,3931,3977,3978,4013,8248,8295,8296,8331
2015-09-17,3931,3977,3978,4013,8247,8294,8295,8330
2015-09-18,3930,3977,3978,4013,8247,8296,8297,8332
2015-09-19,3930,3976,3977,4012,8240,8295,8296,8331
2015-09-20,3926,3975,3976,4008,8244,8295,8296,8331
2015-09-21,3927,3974,3975,4010,8247,8294,8295,8330
2015-09-22,3928,3974,3975,4010,8247,8294,8295,8330
2015-09-23,3927,3973,3974,4009,8247,8293,8294,8329
2015-09-24,3927,3972,3973,4008,8247,8293,8294,8328
2015-09-25,3927,3972,3973,4009,8244,8293,8294,8329
2015-09-26,3926,3972,3973,4008,8244,8292,8293,8328
2015-09-27,3926,3972,3973,4008,8246,8291,8292,8329
2015-09-28,3926,3972,3973,4008,8244,8291,8292,8329
2015-09-29,3926,3971,3972,4007,8244,8291,8292,8328
2015-09-30,3924,3970,3971,4006,8244,8290,8291,8326
2015-10-01,3924,3970,3971,4006,8243,8290,8291,8326
2015-10-02,3923,3970,3971,4006,8243,8289,8290,8325
2015-10-03,3923,3969,3970,4005,8243,8289,8290,8325
2015-10-04,3923,3969,3970,4005,8241,8289,8290,8325
2015-10-05,3922,3968,3969,4004,8241,8288,8289,8324
2015-10-06,3920,3967,3968,4003,8240,8287,8288,8323
2015-10-07,3920,3966,3967,4002,8240,8286,8287,8322
2015-10-08,3920,3966,3967,4002,8240,8286,8287,8322
2015-10-09,3920,3966,3967,4002,8240,8286,8287,8322
2015-10-10,3920,3965,3966,4001,8240,8285,8286,8321
2015-10-11,3919,3965,3966,4001,8239,8285,8286,8321
2015-10-12,3919,3965,3966,4001,8239,8284,8285,8320
2015-10-13,3919,3965,3966,4001,8238,8285,8286,8321
2015-10-14,3918,3963,3964,4000,8238,8284,8285,8320
2015-10-15,3918,3963,3964,3999,8238,8284,8285,8320
2015-10-16,3917,3964,3965,4000,8237,8284,8285,8320
2015-10-17,3917,3964,3965,4000,8237,8283,8284,8319
2015-10-18,3916,3963,3964,3999,8236,8283,8284,8319
2015-10-19,3916,3962,3963,3998,8236,8282,8283,8318
2015-10-20,3916,3962,3963,3998,8236,8282,8283,8318
2015-10-21,3915,3961,3962,3997,8233,8281,8282,8317
2015-10-22,3915,3961,3962,3997,8233,8280,8281,8316
2015-10-23,3914,3960,3961,3996,8234,8280,8281,8316
2015-10-24,3913,3959,3960,3995,8230,8279,8280,8315
2015-10-25,3913,3959,3960,3995,8230,8279,8280,8315
2015-10-26,3913,3959,3960,3995,8230,8279,8280,8315
2015-10-27,3913,3959,3960,3995,8207,8279,8280,8315
2015-10-28,3912,3958,3959,3994,8230,8277,8278,8313
2015-10-29,3911,3957,3958,3993,8231,8277,8278,8313
2015-10-30,3911,3957,3958,3993,8230,8277,8278,8313
2015-10-31,3910,3956,3957,3992,8230,8277,8278,8313
2015-11-01,3910,3956,3957,3992,8230,8277,8278,8313
2015-11-02,3910,3956,3957,3992,8230,8275,8276,8312
2015-11-03,3910,3955,3956,3991,8230,8275,8276,8311
2015-11-04,3908,3955,3956,3991,8228,8274,8275,8310
2015-11-05,3907,3954,3955,3990,8227,8273,8274,8310
2015-11-06,3907,3953,3954,3989,8227,8272,8273,8309
2015-11-07,3904,3953,3954,3989,8225,8272,8273,8308
2015-11-08,3904,3952,3953,3989,8225,8271,8272,8307
2015-11-09,3904,3952,3953,3988,8225,8270,8271,8306
2015-11-10,3903,3950,3951,3986,8222,8269,8270,8305
2015-11-11,3903,3949,3950,3985,8222,8271,8272,8307
2015-11-12,,,,,,,,
2015-11-13,2015,2062,2063,2098,6335,6381,6382,6417
2015-11-14,2014,2061,2062,2097,6333,6380,6381,6417
2015-11-15,2015,2061,2062,2097,6333,6380,6381,6417
2015-11-16,2014,2060,2061,2096,6333,6380,6381,6416
2015-11-17,2013,2059,2060,2095,6333,6379,6380,6415
2015-11-18,2012,2058,2059,2094,6333,6378,6379,6414
2015-11-19,2011,2058,2059,2094,6332,6377,6378,6413
2015-11-20,2011,2058,2059,2094,6331,6378,6379,6414
2015-11-21,2011,2059,2060,2095,6331,6378,6379,6415
2015-11-22,2011,2058,2059,2094,6331,6378,6379,6414
2015-11-23,2011,2059,2060,2093,6331,6379,6380,6415
2015-11-24,2012,2059,2060,2095,6333,6379,6380,6415
2015-11-25,2013,2059,2060,2095,6332,6379,6380,6415
2015-11-26,2010,2058,2059,2094,6331,6378,6379,6414
2015-11-27,2011,2058,2059,2094,6331,6379,6380,6415
2015-11-28,2010,2058,2059,2094,6331,6378,6379,6414
2015-11-29,2011,2058,2059,2094,6331,6377,6378,6414
2015-11-30,2011,2057,2058,2093,6331,6377,6378,6413
2015-12-01,2010,2056,2057,2092,6329,6376,6377,6412
2015-12-02,2007,2056,2057,2092,6328,6375,6376,6411
2015-12-03,2001,2055,2056,2091,6328,6374,6375,6410
2015-12-04,2008,2054,2055,2090,6328,6374,6375,6410
2015-12-05,2008,2054,2055,2090,6325,6374,6375,6410
2015-12-06,2004,2053,2054,2089,6326,6373,6374,6409
2015-12-07,2004,2052,2053,2088,6325,6372,6373,6408
2015-12-08,2004,2051,2052,2087,6325,6371,6372,6407
2015-12-09,2005,2051,2052,2087,6325,6371,6372,6407
2015-12-10,2004,2051,2052,2087,6324,6370,6371,6406
2015-12-11,2002,2050,2051,2086,6323,6370,6371,6406
2015-12-12,2002,2050,2051,2085,6323,6369,6370,6405
2015-12-13,2003,2049,2050,2085,6322,6369,6370,6405
2015-12-14,2002,2049,2050,2085,6322,6368,6369,6404
2015-12-15,2002,2048,2049,2084,6320,6368,6369,6404
2015-12-16,2000,2047,2048,2083,6319,6367,6368,6403
2015-12-17,1999,2047,2048,2083,6320,6367,6368,6403
2015-12-18,1999,2046,2047,2082,6318,6366,6367,6402
2015-12-19,1995,2045,2046,2081,6318,6365,6366,6401
2015-12-20,1995,2044,2045,2080,6318,6364,6365,6400
2015-12-21,1995,2044,2045,2080,6318,6364,6365,6400
2015-12-22,1997,2044,2045,2080,6316,6363,6364,6399
2015-12-23,1996,2042,2043,2079,6314,6362,6363,6398
2015-12-24,6313,6362,6363,6398,,,,
2015-12-25,1996,2042,2043,2078,6315,6362,6363,6398
2015-12-26,1996,2041,2042,2077,6315,6360,6361,6397
2015-12-27,1994,2040,2041,2076,6314,6360,6361,6396
2015-12-28,1994,2039,2040,2075,6314,6359,6360,6395
2015-12-29,1991,2038,2039,2074,6309,6358,6359,6394
2015-12-30,1990,2037,2038,2073,6309,6357,6358,6393
2015-12-31,1991,2037,2038,2073,6311,6357,6358,6393
